Market Impact Data,,,,,
,,,,,
Obs #,Size,Volatility,POV,LnMktCap,Cost_bp
1,0.12,0.37,0.36,16.48,115.41
2,0.01,0.32,0.04,15.09,9.06
3,0.08,0.46,0.22,21.7,81.57
4,0.21,0.37,0.36,28.53,139.22
5,0.11,0.43,0.09,20.22,43.22
6,0.32,0.46,0.39,16.71,124.46
7,0.31,0.31,0.57,27.04,158.34
8,0.04,0.38,0.23,28.79,58.73
9,0.18,0.33,0.17,15.23,61.8
10,0.21,0.32,0.33,17.26,116.21
11,0.06,0.43,0.51,22.8,117.26
12,0.27,0.45,0.47,23.21,144.57
13,0.11,0.49,0.31,16.09,121.67
14,0.13,0.32,0.48,21.69,85.01
15,0.35,0.34,0.33,25.66,107
16,0.2,0.35,0.54,20.64,150.42
17,0.13,0.31,0.43,16.41,83.88
18,0.15,0.42,0.55,21.83,169.11
19,0.24,0.45,0.32,16.63,117.37
20,0.14,0.42,0.18,29.28,61.11
21,0.07,0.42,0.28,20.1,89.17
22,0.12,0.38,0.23,24.32,57.96
23,0.32,0.4,0.17,26.79,73.42
24,0.29,0.36,0.33,16.18,87.15
25,0.11,0.35,0.16,27.26,56.4
26,0.23,0.41,0.41,23.07,100.3
27,0.33,0.47,0.52,23.42,185.48
28,0.24,0.37,0.42,22.92,163.45
29,0.19,0.4,0.3,22.15,84.69
30,0.01,0.33,0.12,17.26,16.18
31,0.09,0.35,0.1,24.02,27.83
32,0.23,0.43,0.51,20.42,154
33,0.23,0.37,0.4,15.12,96.51
34,0.34,0.48,0.44,17.19,163.37
35,0.28,0.39,0.19,18.46,72.22
36,0.16,0.36,0.19,19.91,74.72
37,0.11,0.44,0.44,21.26,143.81
38,0.25,0.35,0.15,18.87,62.93
39,0.12,0.38,0.35,26.53,77.27
40,0.33,0.44,0.5,27.21,172.47
41,0.1,0.43,0.37,29.39,93.66
42,0.27,0.5,0.31,21.31,155.2
43,0.32,0.43,0.27,20.26,117.58
44,0.34,0.31,0.44,28.15,141.38
45,0.31,0.39,0.28,18.86,129.62
46,0.27,0.34,0.2,19.83,75.39
47,0.08,0.42,0.13,18.06,35.29
48,0.1,0.47,0.54,20.03,148.71
49,0.14,0.4,0.21,20.33,52.73
50,0.14,0.4,0.08,23.11,45.7
51,0.04,0.44,0.44,23.49,87.01
52,0.21,0.32,0.46,17.03,119.35
53,0.03,0.42,0.46,29.08,90.62
54,0.25,0.38,0.35,29.28,91.89
55,0.29,0.45,0.26,25.59,116.79
56,0.09,0.35,0.53,18.86,97.54
57,0.29,0.42,0.35,21.17,103.4
58,0.15,0.31,0.57,29.16,97.79
59,0.2,0.37,0.47,20,136.91
60,0.16,0.37,0.25,23.28,93.74
61,0.04,0.35,0.04,24.2,15.19
62,0.24,0.5,0.17,20.56,75.08
63,0.19,0.38,0.44,29.91,125.8
64,0.34,0.49,0.44,23.84,194.94
65,0.01,0.5,0.58,16.3,51.35
66,0.14,0.44,0.29,20.15,115.07
67,0.3,0.32,0.36,17.5,92.08
68,0.3,0.31,0.43,24.14,107.05
69,0.34,0.47,0.36,25.43,115.1
70,0.12,0.4,0.55,21.9,137.6
71,0.3,0.38,0.41,29.74,114.65
72,0.09,0.48,0.38,21.06,91.62
73,0.23,0.42,0.4,27.06,168.38
74,0.29,0.49,0.49,29.71,176.76
75,0.05,0.41,0.06,27.94,27.14
76,0.22,0.5,0.26,23.78,129.51
77,0.18,0.34,0.15,25.08,66.13
78,0.32,0.33,0.47,23.25,188.08
79,0.15,0.47,0.2,27.37,67.94
80,0.08,0.46,0.31,23.15,98
81,0.14,0.5,0.33,16.23,119.82
82,0.04,0.39,0.3,22.58,42.63
83,0.15,0.39,0.44,26.63,126.87
84,0.3,0.43,0.36,29.22,174.32
85,0.08,0.41,0.45,18.49,124.02
86,0.26,0.45,0.59,26.55,161.5
87,0.08,0.47,0.12,18.28,34.44
88,0.13,0.42,0.39,22.91,138.94
89,0.24,0.41,0.29,16.46,119.58
90,0.15,0.32,0.14,15.21,40.33
91,0.29,0.32,0.43,29.92,112.27
92,0.23,0.35,0.55,16.74,110.08
93,0.15,0.41,0.43,23.16,94.52
94,0.02,0.43,0.39,22,61.49
95,0.09,0.4,0.5,23.38,78.12
96,0.16,0.38,0.34,24.39,95.57
97,0.14,0.49,0.53,26.81,138.06
98,0.19,0.48,0.48,29.96,153.38
99,0.3,0.43,0.34,16.17,121.7
100,0.19,0.41,0.45,27.84,130.46
101,0.03,0.47,0.34,29.58,48.9
102,0.12,0.48,0.58,19.5,149.96
103,0.2,0.44,0.56,28.98,147.68
104,0.16,0.49,0.43,19.88,97.34
105,0.33,0.42,0.22,18.11,94.19
106,0.07,0.31,0.41,26.01,85.49
107,0.02,0.35,0.23,20.18,43.45
108,0.13,0.45,0.33,21.43,122.46
109,0.29,0.38,0.27,27.06,135.34
110,0.22,0.31,0.29,20.88,82.88
111,0.3,0.41,0.43,19.66,125.11
112,0.23,0.49,0.36,24.29,140.05
113,0.15,0.49,0.22,29.27,74.73
114,0.26,0.47,0.33,22.77,97.57
115,0.19,0.31,0.18,26.66,61.33
116,0.33,0.49,0.55,22.36,176.38
117,0.23,0.36,0.2,21.54,72.7
118,0.35,0.4,0.53,16.75,202.85
119,0.22,0.33,0.33,28.48,92.72
120,0.15,0.36,0.17,18.67,64.8
121,0.26,0.38,0.59,17.46,171.54
122,0.23,0.44,0.17,22.76,62.51
123,0.34,0.39,0.45,20.05,135.87
124,0.1,0.44,0.55,23.34,161.54
125,0.22,0.41,0.22,17.54,64.06
126,0.06,0.49,0.04,23.72,24.82
127,0.28,0.43,0.42,21.44,185.66
128,0.32,0.35,0.45,19.67,172.52
129,0.15,0.48,0.57,23.63,134.98
130,0.06,0.44,0.53,22.95,100.54
131,0.24,0.46,0.29,22.62,106.93
132,0.14,0.36,0.47,19.69,105.22
133,0.19,0.34,0.29,15.1,113.74
134,0.25,0.39,0.56,22.65,159.24
135,0.17,0.4,0.21,28.81,89.24
136,0.17,0.41,0.32,15.68,120.5
137,0.11,0.48,0.56,20.35,156.84
138,0.12,0.48,0.1,15.22,38.93
139,0.1,0.46,0.1,27.77,48.48
140,0.07,0.37,0.39,28.16,77.12
141,0.14,0.42,0.44,21.53,113.31
142,0.2,0.46,0.4,21.12,106.94
143,0.06,0.38,0.53,23.18,124.4
144,0.32,0.45,0.2,19.3,77.01
145,0.04,0.41,0.29,26.97,40.37
146,0.1,0.32,0.11,28.64,33.38
147,0.22,0.38,0.28,19.79,97.62
148,0.31,0.39,0.44,28.26,121.93
149,0.28,0.33,0.4,16.02,152.02
150,0.24,0.41,0.22,22.64,77.72
151,0.26,0.4,0.2,18.66,108.92
152,0.15,0.4,0.28,17.93,103.01
153,0.14,0.34,0.42,25.35,126.52
154,0.13,0.42,0.22,22.18,87.24
155,0.19,0.48,0.57,25.98,196.77
156,0.3,0.42,0.21,28.63,86.49
157,0.1,0.39,0.33,28.74,74.65
158,0.33,0.33,0.51,21.36,205.01
159,0.28,0.31,0.38,24.14,133.68
160,0.21,0.47,0.16,27.99,58.9
161,0.24,0.4,0.14,22.33,54.64
162,0.16,0.37,0.08,25.43,37.97
163,0.29,0.32,0.43,22.94,110.28
164,0.03,0.5,0.39,18.62,79.3
165,0.03,0.41,0.33,19.04,73.11
166,0.19,0.34,0.23,23.33,86.48
167,0.34,0.42,0.3,28.07,153.09
168,0.2,0.38,0.5,25.2,167.65
169,0.01,0.31,0.16,24.15,18.5
170,0.25,0.32,0.38,17.81,144
171,0.28,0.44,0.32,24.69,108.5
172,0.34,0.36,0.17,16.19,100.66
173,0.12,0.47,0.22,25.49,94.52
174,0.08,0.32,0.09,16.01,30.64
175,0.32,0.34,0.3,15.4,139.9
176,0.18,0.37,0.17,22.66,75.14
177,0.03,0.47,0.5,28.38,71.07
178,0.31,0.38,0.17,23.08,76.74
179,0.35,0.47,0.52,16.21,160.46
180,0.29,0.44,0.46,21.93,172.67
181,0.31,0.38,0.42,29.55,131.91
182,0.08,0.43,0.38,29.82,107.49
183,0.32,0.37,0.24,17.15,75.44
184,0.06,0.38,0.52,21.83,122.23
185,0.01,0.4,0.3,17.59,27.09
186,0.09,0.41,0.08,17.62,32.31
187,0.25,0.37,0.41,20.79,119.56
188,0.08,0.36,0.24,15.62,44.52
189,0.35,0.35,0.33,29.78,136.21
190,0.3,0.35,0.27,23.7,91.45
191,0.34,0.5,0.25,29.59,101.33
192,0.02,0.38,0.46,21,45.57
193,0.13,0.43,0.17,25.66,53.83
194,0.02,0.4,0.32,15.42,35.66
195,0.01,0.34,0.43,24.92,36.46
196,0.07,0.44,0.12,27.51,33.17
197,0.28,0.45,0.15,25.03,68.14
198,0.13,0.32,0.4,27.41,73.92
199,0.27,0.45,0.3,26.28,133.09
200,0.02,0.41,0.25,15.27,46.57
201,0.34,0.33,0.56,20.35,135.47
202,0.19,0.35,0.13,29.24,52.15
203,0.09,0.49,0.52,22.44,122.34
204,0.1,0.36,0.13,18.84,34.16
205,0.3,0.46,0.37,15.84,153.71
206,0.03,0.36,0.27,27.39,40.17
207,0.28,0.42,0.47,24.31,134.23
208,0.02,0.41,0.33,24.66,41.62
209,0.04,0.4,0.59,15.17,91.27
210,0.23,0.48,0.34,27.4,145.26
211,0.08,0.37,0.04,28.97,19.22
212,0.29,0.31,0.47,15.14,164.33
213,0.15,0.38,0.52,27.96,167.4
214,0.18,0.47,0.53,24.8,131.02
215,0.02,0.39,0.54,28.17,69.82
216,0.13,0.37,0.47,27.89,134.55
217,0.14,0.46,0.23,26.8,61.19
218,0.17,0.41,0.39,25.27,113.15
219,0.13,0.49,0.47,29.07,166.33
220,0.03,0.42,0.3,26.92,59.81
221,0.12,0.5,0.59,18.44,167.51
222,0.09,0.35,0.09,23.33,30.02
223,0.15,0.49,0.09,29.07,51.53
224,0.3,0.43,0.5,22.48,183.7
225,0.16,0.34,0.56,29.76,129.27
226,0.11,0.39,0.55,24.71,138.41
227,0.09,0.35,0.11,28.19,38.55
228,0.22,0.48,0.11,19.34,78.07
229,0.27,0.33,0.58,19.07,132.19
230,0.03,0.37,0.05,17.77,19.53
231,0.19,0.42,0.51,20.72,169.52
232,0.35,0.45,0.49,29.86,148.87
233,0.1,0.4,0.56,26.99,141.19
234,0.23,0.5,0.41,27.67,188.29
235,0.01,0.47,0.56,26.56,78.81
236,0.13,0.48,0.52,18.02,128.18
237,0.11,0.36,0.23,29.18,68.82
238,0.22,0.41,0.49,21.93,175.08
239,0.27,0.41,0.18,29.24,75.67
240,0.16,0.42,0.46,20.38,153.87
241,0.33,0.37,0.45,20,132.31
242,0.21,0.35,0.21,23.22,58.15
243,0.3,0.5,0.35,24.11,185.65
244,0.12,0.31,0.11,28.6,41.74
245,0.16,0.48,0.59,17.33,133.61
246,0.12,0.34,0.32,27.11,60.45
247,0.01,0.5,0.05,18.17,15.57
248,0.09,0.34,0.17,17.24,41.62
249,0.13,0.34,0.15,20.45,46.38
250,0.28,0.5,0.2,22.86,96.15
251,0.29,0.49,0.48,26.76,152.07
252,0.31,0.4,0.17,20.12,59.8
253,0.12,0.48,0.24,19.91,58.19
254,0.1,0.34,0.15,22.23,49.03
255,0.11,0.35,0.49,27.42,92.57
256,0.27,0.49,0.6,28.48,231.51
257,0.27,0.45,0.48,21.16,180.69
258,0.24,0.48,0.31,28.69,99.86
259,0.18,0.35,0.12,23.95,45.5
260,0.32,0.44,0.38,27.26,162.09
261,0.01,0.44,0.24,27.6,30.04
262,0.12,0.33,0.28,29.4,65.18
263,0.01,0.4,0.47,29.58,50.24
264,0.27,0.32,0.21,21.89,69.49
265,0.09,0.43,0.47,29.4,91.87
266,0.32,0.48,0.25,25.38,103.41
267,0.32,0.49,0.54,24.01,248.52
268,0.1,0.31,0.56,23.16,101.18
269,0.24,0.49,0.28,21.1,126.07
270,0.06,0.41,0.44,15.04,108.18
271,0.06,0.4,0.2,22.18,35.68
272,0.14,0.49,0.44,24.75,162.68
273,0.28,0.4,0.18,19.59,90.34
274,0.15,0.4,0.26,26.18,63.58
275,0.23,0.46,0.37,25.66,148.8
276,0.09,0.35,0.48,27.81,107.69
277,0.14,0.38,0.11,27.2,35.68
278,0.09,0.33,0.05,22.49,27.64
279,0.15,0.36,0.22,24.74,75.24
280,0.14,0.48,0.09,22.12,47.65
281,0.35,0.49,0.34,15.83,122.9
282,0.05,0.42,0.39,17.02,77.36
283,0.18,0.34,0.41,16.29,133.12
284,0.35,0.4,0.28,17.9,107.24
285,0.3,0.47,0.49,19.9,205.14
286,0.01,0.35,0.29,19.22,25.08
287,0.29,0.47,0.35,20.67,155.72
288,0.13,0.34,0.15,20.55,36.48
289,0.03,0.41,0.36,22.67,48.2
290,0.11,0.49,0.59,28.44,139.26
291,0.16,0.34,0.18,25.5,43.32
292,0.29,0.38,0.37,16.5,139.32
293,0.25,0.32,0.36,24.29,101.77
294,0.3,0.41,0.57,29.22,202.74
295,0.13,0.5,0.5,16.65,130.1
296,0.24,0.33,0.17,15.01,53.19
297,0.33,0.48,0.28,21.44,125.45
298,0.24,0.45,0.54,23.32,157.45
299,0.24,0.49,0.57,21.4,140.12
300,0.12,0.31,0.26,29.07,66.88
301,0.05,0.31,0.48,21.54,72.68
302,0.13,0.47,0.15,26.75,43.03
303,0.17,0.4,0.45,16.5,134.25
304,0.05,0.39,0.06,27.8,25.12
305,0.1,0.44,0.59,25.07,134.45
306,0.17,0.32,0.41,26.61,119.42
307,0.04,0.44,0.55,19.09,68.21
308,0.01,0.32,0.43,23.78,47.28
309,0.24,0.44,0.46,15.06,149.79
310,0.02,0.34,0.29,18.04,51.23
311,0.21,0.39,0.54,15.42,118.5
312,0.31,0.33,0.53,26.72,186.9
313,0.12,0.46,0.09,25.61,47.01
314,0.06,0.38,0.04,17.84,13.78
315,0.33,0.31,0.26,17.47,95.35
316,0.18,0.32,0.22,22.42,67.49
317,0.35,0.34,0.44,29.36,183.39
318,0.16,0.48,0.56,20.09,209.46
319,0.13,0.31,0.08,19.55,23.64
320,0.04,0.48,0.56,15.58,91.12
321,0.06,0.31,0.52,26.44,62.33
322,0.11,0.34,0.3,20.99,89.54
323,0.19,0.35,0.52,16.79,118.51
324,0.08,0.45,0.48,21.95,134.72
325,0.29,0.5,0.39,21.92,153.61
326,0.09,0.33,0.53,22.3,110.75
327,0.16,0.49,0.27,26.6,104.77
328,0.18,0.36,0.13,15.87,37.47
329,0.31,0.49,0.38,28.26,118.91
330,0.35,0.47,0.26,15.5,122.85
331,0.12,0.45,0.28,22.25,99.46
332,0.15,0.42,0.36,27.68,118.17
333,0.16,0.32,0.09,24.49,34.63
334,0.3,0.43,0.28,22.58,99.1
335,0.14,0.36,0.35,29.3,87.11
336,0.08,0.41,0.48,29.66,97.86
337,0.12,0.44,0.36,18.29,87.21
338,0.11,0.47,0.3,27.34,117.98
339,0.34,0.48,0.37,26.78,124.85
340,0.34,0.37,0.32,21.91,150.47
341,0.05,0.48,0.13,24.14,46.14
342,0.16,0.33,0.16,28.31,49.33
343,0.28,0.41,0.31,17.27,141.34
344,0.03,0.38,0.45,29.37,48.38
345,0.16,0.42,0.26,19.18,71.77
346,0.14,0.49,0.24,17.11,68.82
347,0.02,0.5,0.42,20.27,73.79
348,0.1,0.42,0.52,17,101.19
349,0.14,0.41,0.45,23.28,90.48
350,0.12,0.48,0.37,19.09,108.75
351,0.14,0.5,0.47,21.29,178.78
352,0.3,0.45,0.49,21.89,172.83
353,0.28,0.5,0.19,18.47,71.89
354,0.25,0.31,0.31,23.26,68.47
355,0.14,0.48,0.59,28.12,129.31
356,0.03,0.32,0.32,27.27,49.43
357,0.16,0.34,0.22,27.2,49.73
358,0.13,0.35,0.08,18.43,34.58
359,0.04,0.5,0.48,24.55,96.07
360,0.05,0.43,0.48,26.29,93.14
361,0.18,0.48,0.43,22.36,175.73
362,0.2,0.42,0.47,28.17,151.89
363,0.1,0.42,0.43,24.38,93.72
364,0.1,0.48,0.27,16.33,79.42
365,0.26,0.48,0.2,16.14,116.53
366,0.07,0.41,0.1,18.72,26.52
367,0.2,0.45,0.35,19.5,96.75
368,0.08,0.37,0.59,15.69,129.12
369,0.04,0.45,0.3,21.26,61.69
370,0.13,0.46,0.11,20.48,51.12
371,0.18,0.5,0.57,15.93,138.45
372,0.19,0.46,0.38,26.83,108.06
373,0.02,0.46,0.55,24.72,63.13
374,0.04,0.41,0.06,21.88,19.87
375,0.31,0.48,0.2,26.94,80.96
376,0.23,0.34,0.37,21.48,91.18
377,0.23,0.47,0.19,29.22,105.7
378,0.28,0.36,0.56,25.14,203.48
379,0.32,0.36,0.5,16.92,151.51
380,0.26,0.4,0.17,28.25,95.16
381,0.13,0.31,0.21,27.41,49.65
382,0.06,0.38,0.44,17.79,104.44
383,0.16,0.41,0.17,15.97,64.05
384,0.16,0.38,0.35,27.89,79.37
385,0.17,0.32,0.1,15.39,49.11
386,0.14,0.44,0.09,27.84,54.41
387,0.34,0.48,0.29,23.99,106.97
388,0.26,0.31,0.16,22.92,46.55
389,0.16,0.4,0.28,16.28,90.67
390,0.07,0.44,0.51,27.93,86.78
391,0.09,0.45,0.5,15.82,110.15
392,0.31,0.38,0.45,20.71,196.18
393,0.12,0.48,0.23,26.29,72.11
394,0.33,0.43,0.36,19.3,124.5
395,0.22,0.43,0.38,27.4,151.22
396,0.21,0.37,0.21,22.62,98.52
397,0.23,0.43,0.24,28.03,117.56
398,0.24,0.37,0.5,22.48,164.72
399,0.25,0.41,0.35,28.08,118.16
400,0.11,0.32,0.57,15.58,145.6
401,0.26,0.33,0.19,25.08,83.64
402,0.01,0.38,0.35,16.79,29.86
403,0.23,0.48,0.52,19.48,125.79
404,0.24,0.5,0.52,16.53,226.12
405,0.16,0.32,0.12,17.22,48.68
406,0.29,0.4,0.2,18.64,74.67
407,0.22,0.36,0.49,20.42,140.81
408,0.17,0.33,0.38,19.96,71.7
409,0.11,0.38,0.06,15.22,35.19
410,0.34,0.38,0.49,23.86,161.51
411,0.24,0.41,0.58,29.6,137.52
412,0.33,0.47,0.25,23.96,84.62
413,0.27,0.41,0.57,23.99,207.19
414,0.29,0.46,0.47,28.73,210.18
415,0.09,0.38,0.25,17.22,46.16
416,0.33,0.49,0.41,21.89,146.7
417,0.31,0.39,0.28,23.61,137.02
418,0.1,0.38,0.36,21.52,79.1
419,0.35,0.46,0.44,23.39,220.31
420,0.27,0.44,0.34,25.45,92.58
421,0.24,0.46,0.51,21.6,171.81
422,0.19,0.46,0.19,25.39,88.82
423,0.32,0.32,0.59,22.81,152.26
424,0.24,0.33,0.3,23.22,110.46
425,0.17,0.4,0.14,27.99,46.28
426,0.28,0.37,0.24,15.09,118.53
427,0.07,0.48,0.09,23.33,37.31
428,0.17,0.34,0.42,15.08,113.8
429,0.24,0.47,0.26,24.3,84.11
430,0.22,0.31,0.36,17.42,105.15
431,0.23,0.34,0.47,17.19,119.69
432,0.31,0.48,0.21,23.05,113.5
433,0.3,0.4,0.23,21.98,122.9
434,0.25,0.38,0.23,21.84,69.66
435,0.1,0.34,0.46,19.49,72.82
436,0.32,0.31,0.24,18.23,100.72
437,0.34,0.5,0.29,20.14,96.83
438,0.31,0.5,0.18,21.69,82.36
439,0.35,0.43,0.19,23.55,106.84
440,0.22,0.4,0.35,22.22,101.66
441,0.28,0.35,0.39,16.17,130.9
442,0.18,0.45,0.29,23.88,100.13
443,0.26,0.38,0.19,17.13,59.62
444,0.04,0.32,0.59,25.84,83.71
445,0.2,0.35,0.3,29.89,110.71
446,0.34,0.35,0.54,22.46,209.87
447,0.12,0.45,0.24,25.34,101.25
448,0.07,0.38,0.36,27.87,69.35
449,0.05,0.31,0.55,28.72,73.44
450,0.04,0.34,0.29,23.76,45.04
451,0.05,0.35,0.43,15.18,85.94
452,0.06,0.38,0.38,16.46,87.16
453,0.33,0.42,0.47,19.32,128.67
454,0.01,0.45,0.59,17.88,76.72
455,0.25,0.39,0.15,19.7,70.05
456,0.17,0.32,0.58,21.88,140.57
457,0.32,0.37,0.29,28.61,79.87
458,0.27,0.48,0.58,16.45,250.5
459,0.3,0.36,0.43,21.68,119.31
460,0.04,0.37,0.19,26.61,42.45
461,0.05,0.45,0.28,22.39,61.52
462,0.3,0.46,0.29,25.58,112.81
463,0.18,0.4,0.38,23.6,111.88
464,0.35,0.44,0.42,25.51,138.44
465,0.21,0.34,0.21,17.97,84.21
466,0.01,0.38,0.24,29.24,33.81
467,0.06,0.4,0.18,19.95,54.03
468,0.2,0.36,0.5,19.4,147.04
469,0.15,0.35,0.42,26.13,81.49
470,0.27,0.42,0.35,18.82,112.07
471,0.15,0.43,0.1,18.08,40.53
472,0.16,0.45,0.18,18.8,91.88
473,0.09,0.48,0.35,23.1,91.05
474,0.25,0.31,0.26,17.45,109.34
475,0.32,0.46,0.52,20.68,168.98
476,0.02,0.46,0.37,16.54,64.3
477,0.05,0.35,0.09,22.09,18.51
478,0.32,0.4,0.34,27.22,141.27
479,0.19,0.45,0.51,27.31,179.14
480,0.32,0.38,0.22,25.97,91.72
481,0.35,0.38,0.24,18.4,103.91
482,0.08,0.36,0.37,17.9,68.82
483,0.06,0.38,0.56,29.07,125.71
484,0.29,0.38,0.58,22,149.54
485,0.02,0.39,0.04,28.58,13.96
486,0.12,0.44,0.08,17.19,34.05
487,0.2,0.35,0.35,25.72,89.25
488,0.12,0.41,0.15,17.1,48.47
489,0.19,0.38,0.53,17.37,109.53
490,0.16,0.35,0.12,28.41,46.72
491,0.21,0.31,0.42,22.78,109.69
492,0.12,0.31,0.1,26.48,35.77
493,0.13,0.43,0.15,19.6,69.49
494,0.09,0.4,0.22,20.21,60.51
495,0.14,0.37,0.08,26.54,41.16
496,0.18,0.43,0.31,16.94,89.82
497,0.33,0.36,0.29,29.91,130.28
498,0.14,0.33,0.09,17.9,30.2
499,0.17,0.4,0.29,25.53,86.93
500,0.29,0.38,0.48,21.49,194
501,0.28,0.37,0.55,24.07,152.29
502,0.24,0.48,0.44,22.34,206.07
503,0.17,0.39,0.09,26.81,41.43
504,0.02,0.41,0.58,21.92,70.1
505,0.19,0.5,0.3,27.82,106.34
506,0.17,0.38,0.25,19.75,69.78
507,0.27,0.35,0.59,24.38,183.16
508,0.03,0.38,0.49,19.64,51.78
509,0.05,0.32,0.29,28.66,52.2
510,0.09,0.42,0.55,21.13,128.57
511,0.07,0.5,0.33,21.71,80.99
512,0.21,0.47,0.23,16.19,119
513,0.18,0.43,0.39,29.28,95.14
514,0.23,0.41,0.35,19.14,139.69
515,0.23,0.34,0.56,16.19,170.57
516,0.05,0.43,0.13,26.82,28.14
517,0.11,0.46,0.12,17.72,47.38
518,0.22,0.33,0.32,28.9,117.11
519,0.14,0.46,0.33,17.58,122.03
520,0.04,0.49,0.26,26.88,44.51
521,0.01,0.44,0.41,25.2,47.07
522,0.35,0.35,0.4,22.72,99.8
523,0.35,0.34,0.21,20.99,77.19
524,0.15,0.5,0.18,21.09,92.94
525,0.01,0.48,0.24,29.61,43.96
526,0.16,0.37,0.34,16.93,95.58
527,0.23,0.36,0.39,16.76,154.67
528,0.05,0.47,0.1,22.4,32.53
529,0.1,0.31,0.35,27.7,90.45
530,0.14,0.33,0.28,25.48,57.49
531,0.18,0.41,0.3,24.57,124.84
532,0.31,0.43,0.19,16.74,83.02
533,0.22,0.49,0.44,26.32,128.56
534,0.2,0.46,0.58,23.9,179.71
535,0.03,0.45,0.56,18.97,67.65
536,0.35,0.42,0.59,15.06,164.3
537,0.27,0.33,0.54,16.12,132.53
538,0.29,0.37,0.36,18.91,162.66
539,0.03,0.31,0.3,21.05,47.56
540,0.06,0.35,0.14,15.81,45.21
541,0.03,0.32,0.36,27.22,44.31
542,0.21,0.34,0.22,21.08,71.04
543,0.21,0.5,0.13,15.24,63.07
544,0.26,0.46,0.57,29.74,165.45
545,0.32,0.31,0.59,26.66,187.26
546,0.15,0.33,0.13,29.57,40.86
547,0.34,0.33,0.29,18.21,115.04
548,0.35,0.44,0.19,18.47,70.73
549,0.24,0.4,0.59,25.51,140.27
550,0.23,0.39,0.26,17.7,88.17
551,0.2,0.48,0.13,22.94,45.88
552,0.31,0.32,0.26,18.59,75.47
553,0.08,0.47,0.33,15.95,79.66
554,0.23,0.47,0.52,28.57,151.27
555,0.3,0.32,0.15,20.35,81.75
556,0.09,0.35,0.51,20.52,117.02
557,0.27,0.33,0.26,21.81,94.48
558,0.15,0.43,0.08,29.01,43.22
559,0.22,0.38,0.47,29.79,140.25
560,0.33,0.45,0.58,23.03,167.38
561,0.21,0.5,0.47,21.9,163.12
562,0.04,0.38,0.19,15.99,31.61
563,0.22,0.44,0.17,27.89,74.28
564,0.04,0.5,0.57,16.41,134.88
565,0.03,0.34,0.52,22.85,66.31
566,0.33,0.39,0.2,21.81,76.65
567,0.35,0.33,0.4,29.53,158.6
568,0.06,0.5,0.34,22.49,85.76
569,0.25,0.37,0.51,22.02,164.75
570,0.05,0.46,0.59,15.16,135.72
571,0.31,0.44,0.42,16.62,117.46
572,0.18,0.48,0.36,21.61,110.69
573,0.16,0.47,0.41,29.13,106.83
574,0.34,0.37,0.22,25.21,89.69
575,0.31,0.45,0.4,19.05,118.09
576,0.31,0.34,0.39,22.97,109.53
577,0.28,0.45,0.57,25.19,211.49
578,0.28,0.35,0.55,23.32,195.58
579,0.08,0.48,0.05,18.74,31.01
580,0.2,0.47,0.18,29.19,77.09
581,0.35,0.48,0.23,23.3,113.77
582,0.03,0.34,0.45,26.61,77.16
583,0.06,0.35,0.08,23.97,22.72
584,0.1,0.36,0.07,25,24.57
585,0.22,0.45,0.3,16.28,135.22
586,0.01,0.43,0.52,18.86,63.03
587,0.09,0.33,0.47,15.62,102.17
588,0.16,0.45,0.11,29.43,58.82
589,0.24,0.4,0.21,28.84,74.74
590,0.24,0.35,0.41,23,140.43
591,0.3,0.5,0.44,17.9,213.16
592,0.11,0.35,0.56,24.13,132.71
593,0.31,0.43,0.27,28.68,97.63
594,0.05,0.44,0.12,28.9,37.64
595,0.28,0.38,0.37,20.65,158.49
596,0.05,0.41,0.52,27.31,74.21
597,0.21,0.49,0.38,15.11,158.3
598,0.08,0.41,0.43,23.72,113.83
599,0.09,0.34,0.53,22,82.43
600,0.16,0.37,0.25,19.94,67.91
601,0.09,0.38,0.56,16.68,141.2
602,0.23,0.4,0.19,24.42,71.46
603,0.17,0.36,0.45,19.94,120
604,0.01,0.41,0.57,22.97,70.45
605,0.09,0.31,0.34,22.85,51.56
606,0.31,0.43,0.18,28.84,108.65
607,0.17,0.44,0.2,22.54,70.67
608,0.19,0.48,0.21,25.45,106.74
609,0.18,0.47,0.17,17.14,78.82
610,0.29,0.38,0.29,15.8,95
611,0.33,0.42,0.35,19.61,98.55
612,0.29,0.38,0.16,29.4,88.53
613,0.33,0.48,0.17,21.03,72.67
614,0.28,0.39,0.33,19.52,87.28
615,0.09,0.35,0.29,21.36,69.67
616,0.09,0.41,0.16,16.66,57.46
617,0.17,0.5,0.25,21.99,84.6
618,0.04,0.35,0.23,25.42,57.13
619,0.02,0.31,0.51,18.55,62.28
620,0.05,0.33,0.37,26.19,78.73
621,0.1,0.34,0.27,26.18,47.18
622,0.09,0.36,0.1,24.99,40.99
623,0.24,0.36,0.3,16.76,89.62
624,0.15,0.42,0.2,26.83,76.2
625,0.13,0.38,0.51,28.51,97.37
626,0.01,0.31,0.03,21.79,7.86
627,0.27,0.36,0.2,15.09,95.29
628,0.09,0.33,0.18,19.68,56.59
629,0.18,0.33,0.37,15.28,110.6
630,0.15,0.45,0.15,24.48,70.52
631,0.1,0.42,0.44,22.79,105.47
632,0.19,0.4,0.57,24.35,141.03
633,0.07,0.47,0.55,20.71,109.55
634,0.09,0.37,0.25,21.82,82.52
635,0.25,0.5,0.23,20.33,86.3
636,0.03,0.43,0.19,25.9,30.13
637,0.24,0.49,0.47,24.62,166.21
638,0.24,0.35,0.27,22.58,99.76
639,0.15,0.41,0.37,17.73,112.88
640,0.28,0.47,0.35,17.72,145.33
641,0.31,0.41,0.31,16.8,139.41
642,0.17,0.4,0.17,17.46,56.55
643,0.05,0.43,0.28,24.27,50.57
644,0.28,0.49,0.49,29.88,146.35
645,0.31,0.46,0.47,28.11,157.27
646,0.07,0.44,0.56,17.31,130.03
647,0.03,0.32,0.35,25.6,65.67
648,0.16,0.41,0.51,25.31,139.32
649,0.27,0.5,0.48,28.96,158.24
650,0.35,0.36,0.22,26.48,98.13
651,0.06,0.34,0.33,15.6,50.05
652,0.21,0.34,0.16,23.53,66.05
653,0.01,0.4,0.36,28.78,29.46
654,0.26,0.34,0.59,22.7,152.91
655,0.26,0.44,0.57,15.21,178.59
656,0.1,0.45,0.35,24.26,84.47
657,0.2,0.32,0.12,17.07,38.15
658,0.3,0.41,0.16,22.14,85.43
659,0.07,0.38,0.54,27.11,113.99
660,0.13,0.33,0.08,21.12,38.57
661,0.15,0.36,0.38,17.29,80.07
662,0.24,0.43,0.14,24.71,73.28
663,0.3,0.34,0.49,15.58,151.74
664,0.22,0.38,0.43,16.56,129.89
665,0.23,0.37,0.25,26.74,110.49
666,0.2,0.33,0.24,24.56,83.84
667,0.01,0.41,0.42,20.5,42.9
668,0.05,0.31,0.4,25.57,46.97
669,0.16,0.37,0.57,26.91,107.5
670,0.27,0.5,0.58,15.48,263.79
671,0.31,0.41,0.57,22.63,210.74
672,0.03,0.42,0.42,17.64,56.19
673,0.3,0.41,0.38,27.08,178.08
674,0.12,0.37,0.35,20.56,114.83
675,0.11,0.33,0.36,15.53,105.15
676,0.02,0.36,0.33,28.33,38.78
677,0.1,0.44,0.31,25.87,84.12
678,0.14,0.47,0.28,17.16,86.57
679,0.25,0.44,0.29,28.12,91.04
680,0.03,0.38,0.44,18.24,55.35
681,0.03,0.46,0.27,15.17,40.89
682,0.17,0.32,0.43,28.24,132.6
683,0.35,0.46,0.26,15.16,152.57
684,0.34,0.47,0.38,23.11,164.59
685,0.3,0.44,0.43,19.87,170.95
686,0.14,0.43,0.21,28.86,84.33
687,0.26,0.35,0.31,23.88,115.68
688,0.29,0.35,0.17,17.31,79.87
689,0.18,0.46,0.35,17.09,154.39
690,0.15,0.36,0.16,24.99,42.59
691,0.08,0.38,0.09,16.56,36.83
692,0.18,0.36,0.24,29.01,57.28
693,0.2,0.38,0.56,17.39,180.25
694,0.13,0.39,0.28,20.56,93.61
695,0.34,0.4,0.33,21.81,141.68
696,0.31,0.5,0.58,17.1,277.51
697,0.33,0.44,0.51,20.37,231.88
698,0.21,0.31,0.13,16.74,50.24
699,0.16,0.41,0.44,15.68,150.72
700,0.22,0.5,0.5,20.36,152.3
701,0.02,0.41,0.51,19.74,57.75
702,0.06,0.44,0.43,19.19,65.91
703,0.05,0.38,0.11,19.19,31.96
704,0.29,0.33,0.18,22.28,78.48
705,0.01,0.46,0.24,26.89,41.09
706,0.08,0.38,0.56,21.16,108.56
707,0.15,0.48,0.54,19.96,139.42
708,0.32,0.36,0.24,21.18,73.13
709,0.12,0.45,0.3,16.79,108.26
710,0.33,0.37,0.48,21.41,185.18
711,0.33,0.35,0.53,24.5,196.41
712,0.28,0.42,0.19,29.38,92.83
713,0.27,0.34,0.55,20.61,127.38
714,0.28,0.43,0.46,25.79,118.73
715,0.33,0.42,0.32,23.06,113.67
716,0.26,0.46,0.17,26.86,90.23
717,0.03,0.38,0.22,26.38,35.38
718,0.3,0.5,0.53,22.82,179.37
719,0.01,0.33,0.09,28.53,15.93
720,0.09,0.49,0.05,21.55,21.9
721,0.01,0.41,0.5,17.42,65.07
722,0.14,0.41,0.48,17.27,152.84
723,0.08,0.33,0.41,22.04,69.07
724,0.18,0.34,0.29,27.8,62.4
725,0.23,0.32,0.51,28.86,123.62
726,0.14,0.42,0.49,23.03,121.86
727,0.23,0.44,0.4,29.27,155.51
728,0.04,0.37,0.23,22.76,45.15
729,0.16,0.42,0.38,29.36,143.46
730,0.24,0.39,0.13,28.28,78.52
731,0.18,0.31,0.21,19.73,74.8
732,0.17,0.48,0.19,16.4,77.61
733,0.21,0.35,0.58,24.32,122.97
734,0.28,0.41,0.31,16.31,98.48
735,0.34,0.32,0.34,22.89,99.31
736,0.06,0.39,0.37,26.51,83.76
737,0.35,0.36,0.46,20.32,165.83
738,0.24,0.33,0.12,15.2,37.77
739,0.23,0.36,0.46,19.56,154.6
740,0.34,0.33,0.3,26.93,122.84
741,0.03,0.43,0.09,29.35,32.13
742,0.07,0.46,0.18,24.01,48.11
743,0.33,0.47,0.21,25.52,113.43
744,0.31,0.44,0.45,24.61,162.18
745,0.11,0.31,0.58,21.15,129.04
746,0.16,0.4,0.35,17.59,111.66
747,0.14,0.44,0.59,25.55,186.84
748,0.12,0.42,0.58,28.6,144.52
749,0.29,0.31,0.15,26.8,47.68
750,0.09,0.48,0.35,19.35,122.76
751,0.21,0.46,0.15,17.44,70.46
752,0.18,0.38,0.41,23.32,94.26
753,0.01,0.45,0.47,23.47,45.38
754,0.01,0.36,0.56,18.16,56.19
755,0.07,0.48,0.45,17.44,114.71
756,0.23,0.35,0.44,21.09,152
757,0.01,0.42,0.09,23.96,21.15
758,0.19,0.43,0.59,24.75,144.6
759,0.15,0.48,0.19,16.54,53.98
760,0.24,0.32,0.27,29.51,81.65
761,0.07,0.49,0.04,25.09,25.51
762,0.2,0.36,0.1,27.11,40.7
763,0.16,0.43,0.11,24.54,46.73
764,0.18,0.45,0.24,20.01,93.64
765,0.01,0.47,0.52,16.16,53.7
766,0.18,0.35,0.58,18.68,180.73
767,0.06,0.4,0.17,22.84,56.58
768,0.24,0.44,0.23,23.32,118.16
769,0.3,0.34,0.46,24.87,109.86
770,0.09,0.34,0.41,25.28,86.83
771,0.27,0.35,0.29,26.94,116.6
772,0.1,0.33,0.46,25.26,117.39
773,0.25,0.44,0.5,21.36,147.86
774,0.28,0.32,0.31,24.37,122.63
775,0.12,0.49,0.22,19.98,66.71
776,0.24,0.34,0.44,17.5,121.78
777,0.02,0.41,0.1,22.01,19.53
778,0.16,0.49,0.32,22.77,100.19
779,0.31,0.33,0.6,26.03,213.81
780,0.19,0.33,0.5,27.74,124.36
781,0.13,0.31,0.57,16.32,101.86
782,0.12,0.38,0.24,24.27,58.18
783,0.21,0.37,0.27,22.96,69.12
784,0.09,0.32,0.22,21.84,47.83
785,0.17,0.34,0.5,27.27,90.21
786,0.29,0.31,0.38,20.44,107.55
787,0.27,0.47,0.55,23.91,242.71
788,0.12,0.49,0.31,17.26,70.85
789,0.17,0.4,0.59,20.82,130.96
790,0.01,0.45,0.29,24.66,39.05
791,0.35,0.42,0.35,20.6,157.6
792,0.14,0.37,0.55,28.48,142.16
793,0.3,0.35,0.47,20.7,134.79
794,0.01,0.34,0.29,15.03,31.78
795,0.21,0.48,0.37,17.92,169.61
796,0.31,0.45,0.57,16.79,199.71
797,0.29,0.46,0.45,28.44,198.32
798,0.31,0.49,0.56,27.31,226.36
799,0.06,0.46,0.32,23.89,79.89
800,0.07,0.44,0.38,17.44,63.95
801,0.05,0.49,0.2,27.34,55.83
802,0.16,0.47,0.17,17.28,81.12
803,0.05,0.45,0.49,18.86,80.46
804,0.27,0.31,0.37,17.09,83.68
805,0.18,0.5,0.37,21.78,128.82
806,0.15,0.46,0.09,19.1,33.24
807,0.01,0.5,0.52,25.55,52.79
808,0.1,0.36,0.17,24.14,53.35
809,0.28,0.44,0.16,16.29,64.92
810,0.08,0.39,0.1,29.95,33.52
811,0.32,0.34,0.42,18.32,100.06
812,0.06,0.43,0.28,26.81,47.83
813,0.33,0.34,0.31,23.5,111.34
814,0.3,0.32,0.32,24.99,91.17
815,0.16,0.36,0.35,17.17,94.8
816,0.31,0.33,0.21,16.28,58.76
817,0.15,0.49,0.59,20.27,193.19
818,0.23,0.41,0.41,19.84,118.64
819,0.05,0.31,0.31,26.36,49.71
820,0.01,0.34,0.26,25.99,21.92
821,0.34,0.34,0.5,16.19,123.69
822,0.19,0.39,0.24,27.67,67.44
823,0.35,0.41,0.35,27.62,155.2
824,0.09,0.31,0.17,24.59,53.36
825,0.24,0.39,0.28,16.8,105.58
826,0.1,0.35,0.5,27.06,114.27
827,0.33,0.33,0.39,29.52,110.35
828,0.28,0.37,0.15,15.11,57.07
829,0.05,0.42,0.47,21.8,91.98
830,0.23,0.38,0.39,23.59,109.66
831,0.08,0.37,0.51,27.63,108.91
832,0.03,0.42,0.33,17.06,49.71
833,0.15,0.47,0.52,20.17,111.43
834,0.27,0.31,0.38,27.81,131.27
835,0.08,0.45,0.46,23.13,114.93
836,0.02,0.45,0.19,19.41,33.95
837,0.26,0.34,0.46,15.11,99.44
838,0.02,0.47,0.19,19.61,31.47
839,0.1,0.48,0.38,26.41,128.13
840,0.32,0.49,0.38,24.24,199.4
841,0.06,0.38,0.22,19.41,36.7
842,0.21,0.33,0.3,27.99,77.59
843,0.04,0.38,0.43,15.42,54.31
844,0.27,0.46,0.43,16.21,191.59
845,0.33,0.37,0.22,27.54,110.06
846,0.1,0.42,0.25,19.57,87.36
847,0.27,0.5,0.28,25.98,123.25
848,0.21,0.42,0.55,22.78,125.55
849,0.14,0.47,0.51,29.56,129.66
850,0.15,0.48,0.21,24.29,75.64
851,0.3,0.48,0.31,29.68,100.39
852,0.27,0.45,0.18,29.81,62.41
853,0.18,0.38,0.11,20.34,54.45
854,0.35,0.45,0.56,18.71,178.31
855,0.12,0.46,0.25,15.4,60.97
856,0.08,0.39,0.17,18.35,55.76
857,0.09,0.35,0.27,22.98,83.1
858,0.13,0.36,0.36,16.61,117.32
859,0.26,0.38,0.4,29.43,151.36
860,0.1,0.43,0.05,23.11,25.54
861,0.15,0.46,0.12,25.8,65.24
862,0.26,0.47,0.2,28.62,112.01
863,0.14,0.39,0.16,29.06,62.89
864,0.21,0.33,0.31,27.66,92.7
865,0.19,0.37,0.52,20.09,120.15
866,0.03,0.46,0.48,22.31,96.88
867,0.22,0.48,0.4,19.09,149.82
868,0.04,0.48,0.24,17.98,54.32
869,0.3,0.5,0.36,22.66,142.5
870,0.24,0.35,0.51,20.86,107.07
871,0.26,0.33,0.52,19.54,126.36
872,0.35,0.42,0.51,24.27,195.04
873,0.16,0.46,0.24,27.56,99.93
874,0.07,0.5,0.26,29.77,64.97
875,0.2,0.38,0.55,17.6,177.48
876,0.21,0.38,0.5,16.3,117.84
877,0.1,0.37,0.34,29.55,81.95
878,0.21,0.49,0.4,18.56,140.86
879,0.19,0.4,0.29,18.29,86.42
880,0.16,0.33,0.29,15.79,62.26
881,0.08,0.32,0.18,18.43,38.04
882,0.26,0.47,0.41,21.36,168.2
883,0.32,0.31,0.33,17.97,83.03
884,0.09,0.36,0.18,21.16,48.6
885,0.18,0.47,0.24,25.78,115.15
886,0.04,0.47,0.13,24.84,34.35
887,0.02,0.4,0.57,16.54,64.49
888,0.28,0.31,0.41,16.92,127.19
889,0.06,0.34,0.33,23.24,81.56
890,0.1,0.43,0.38,17.38,128.05
891,0.19,0.49,0.19,26.45,100.92
892,0.23,0.31,0.44,27.75,105.08
893,0.34,0.45,0.46,16.72,128.37
894,0.31,0.47,0.29,17.25,150.68
895,0.34,0.34,0.32,17.06,135.32
896,0.11,0.49,0.48,27.41,115.44
897,0.3,0.44,0.23,21.14,131.1
898,0.1,0.48,0.16,27.21,48.72
899,0.26,0.38,0.32,25.44,79.77
900,0.05,0.37,0.49,21.89,98.78
901,0.17,0.49,0.56,27.11,198.44
902,0.05,0.36,0.23,18.36,45.34
903,0.17,0.41,0.24,21.04,105.01
904,0.11,0.4,0.35,17.88,93.6
905,0.17,0.49,0.26,21.34,80.52
906,0.28,0.36,0.23,15.01,62.75
907,0.16,0.48,0.56,24.42,153.54
908,0.29,0.41,0.17,24.08,99.12
909,0.33,0.48,0.42,18.98,156.39
910,0.17,0.43,0.3,16.21,80.49
911,0.13,0.43,0.46,20.82,137.7
912,0.05,0.41,0.28,29.64,55.45
913,0.3,0.45,0.41,23.79,150.67
914,0.13,0.47,0.09,19.27,33.15
915,0.22,0.38,0.29,27.54,98.43
916,0.04,0.47,0.38,26.05,91.85
917,0.31,0.34,0.24,20.37,108.05
918,0.27,0.47,0.44,25.54,123.86
919,0.02,0.33,0.14,18.15,29.45
920,0.15,0.36,0.35,28.33,75.31
921,0.08,0.45,0.35,24.01,96.81
922,0.34,0.33,0.58,18.07,184.22
923,0.26,0.39,0.56,17.58,152.22
924,0.14,0.45,0.24,19.01,75.41
925,0.34,0.37,0.26,24.83,97.19
926,0.27,0.36,0.22,26.11,79.37
927,0.13,0.37,0.41,15.87,127.93
928,0.09,0.33,0.51,23.06,86.96
929,0.01,0.4,0.47,27.07,62.73
930,0.14,0.4,0.18,26.99,74.91
931,0.14,0.48,0.48,18.29,151.15
932,0.08,0.39,0.23,20.91,62.99
933,0.33,0.39,0.28,18.71,115.54
934,0.29,0.35,0.25,15.03,96.05
935,0.07,0.49,0.46,16.7,120.92
936,0.29,0.5,0.58,20.83,149.61
937,0.08,0.39,0.19,15.82,37.27
938,0.25,0.47,0.56,29.14,154.34
939,0.05,0.5,0.49,21.1,116.23
940,0.03,0.42,0.46,29.22,84.28
941,0.01,0.31,0.11,28.22,17.74
942,0.13,0.48,0.15,25.8,68.03
943,0.14,0.41,0.21,16.06,65.44
944,0.23,0.34,0.39,28.72,101.02
945,0.17,0.35,0.49,16.14,126.35
946,0.16,0.47,0.14,22.94,50.09
947,0.11,0.31,0.59,17,114.24
948,0.06,0.4,0.57,16.14,98.4
949,0.34,0.34,0.27,29.71,90.54
950,0.06,0.34,0.19,28.47,32.96
951,0.31,0.47,0.27,20.09,136.92
952,0.32,0.36,0.42,26.79,142.48
953,0.07,0.48,0.44,20.2,123.96
954,0.24,0.38,0.26,24.18,115.67
955,0.15,0.4,0.13,26.37,42.3
956,0.12,0.4,0.37,29.84,127.83
957,0.27,0.33,0.18,28.89,60.74
958,0.21,0.45,0.5,25.48,131.82
959,0.33,0.41,0.38,20.85,160.67
960,0.29,0.45,0.53,22,220.26
961,0.32,0.48,0.36,15.35,128.77
962,0.16,0.43,0.42,21.98,111.05
963,0.11,0.4,0.11,16.41,51.65
964,0.18,0.4,0.21,25.31,70.49
965,0.28,0.33,0.59,20.83,147.7
966,0.24,0.47,0.24,23.91,92.53
967,0.24,0.49,0.42,18.52,139.16
968,0.03,0.49,0.26,23.4,67.96
969,0.34,0.33,0.46,26.03,185.91
970,0.13,0.47,0.07,26.42,32.7
971,0.27,0.46,0.15,21.53,61.76
972,0.08,0.48,0.39,19.9,94.03
973,0.28,0.32,0.58,24.52,167.75
974,0.22,0.4,0.13,21.93,59.6
975,0.08,0.33,0.23,18.74,67.7
976,0.34,0.45,0.22,18.17,107.58
977,0.13,0.36,0.38,15.7,73.91
978,0.13,0.5,0.31,18.1,121.88
979,0.29,0.32,0.31,25.1,132.19
980,0.06,0.41,0.25,25.98,52.08
981,0.14,0.42,0.31,16.27,76.36
982,0.19,0.46,0.35,16.6,107.99
983,0.1,0.38,0.37,23.99,76.03
984,0.05,0.4,0.27,23.58,67.41
985,0.16,0.41,0.19,15.48,50.94
986,0.33,0.4,0.56,20.58,141.34
987,0.32,0.39,0.35,21.63,105.18
988,0.35,0.34,0.41,26.39,133.82
989,0.14,0.39,0.23,26.96,72
990,0.02,0.44,0.5,25.85,84.44
991,0.21,0.5,0.54,17.23,172.86
992,0.01,0.45,0.17,29.9,32.78
993,0.12,0.35,0.44,22.28,77.82
994,0.33,0.34,0.27,17.97,121.32
995,0.21,0.33,0.17,22.35,47.48
996,0.03,0.33,0.51,29.65,78.85
997,0.28,0.37,0.5,20.72,170.17
998,0.09,0.45,0.09,21.95,30.91
999,0.33,0.48,0.18,16.21,101.12
1000,0.22,0.5,0.31,27.15,149.22
1001,0.32,0.42,0.29,24.14,94.87
1002,0.31,0.49,0.24,21.99,94.55
1003,0.15,0.41,0.31,18.97,72.38
1004,0.33,0.33,0.59,26.67,197.74
1005,0.2,0.47,0.5,17.4,120.65
1006,0.16,0.42,0.42,26.35,156.76
1007,0.3,0.49,0.54,25.55,207.3
1008,0.31,0.37,0.25,25.1,125.3
1009,0.34,0.41,0.3,25.33,134.75
1010,0.09,0.45,0.19,19.83,57.08
1011,0.3,0.32,0.54,25.03,142.05
1012,0.01,0.39,0.55,25.9,61.33
1013,0.23,0.5,0.23,25.08,117.31
1014,0.32,0.47,0.37,20,130.06
1015,0.03,0.35,0.14,15.11,21.44
1016,0.35,0.34,0.29,20.72,108.76
1017,0.03,0.37,0.18,20.89,35.62
1018,0.21,0.47,0.32,28.97,128.44
1019,0.08,0.34,0.48,18.23,87.49
1020,0.24,0.34,0.58,23.06,163.9
1021,0.16,0.44,0.33,17.74,81.59
1022,0.06,0.46,0.48,29.04,128.67
1023,0.02,0.36,0.12,26.72,25.56
1024,0.13,0.44,0.2,22.89,88.06
1025,0.1,0.31,0.13,28,35.85
1026,0.26,0.35,0.23,25,104.91
1027,0.09,0.49,0.55,19.11,102.89
1028,0.29,0.45,0.44,29.33,158.43
1029,0.23,0.39,0.43,20.84,136.28
1030,0.21,0.32,0.36,16.94,82.26
1031,0.29,0.46,0.56,16.19,230.88
1032,0.33,0.44,0.26,18.86,99.26
1033,0.14,0.36,0.51,29.74,128.15
1034,0.29,0.35,0.19,19.65,71.36
1035,0.12,0.34,0.09,26.34,37.01
1036,0.34,0.45,0.17,21.8,73.84
1037,0.18,0.48,0.15,15.59,84.24
1038,0.04,0.41,0.39,27.61,68.27
1039,0.02,0.44,0.18,22.39,25.18
1040,0.35,0.42,0.51,21.62,215.52
1041,0.16,0.33,0.21,29.37,51.51
1042,0.35,0.49,0.36,29.65,141.51
1043,0.18,0.44,0.48,17.61,179.05
1044,0.11,0.32,0.36,27.05,62.68
1045,0.25,0.5,0.57,28.99,172.3
1046,0.06,0.5,0.23,18.72,73.62
1047,0.05,0.41,0.19,17.49,39.74
1048,0.18,0.42,0.2,18.61,86.49
1049,0.3,0.38,0.47,22.91,195.69
1050,0.33,0.47,0.34,23.77,165.09
1051,0.07,0.31,0.3,18.37,65.98
1052,0.28,0.35,0.15,28.09,50.31
1053,0.19,0.32,0.32,26.33,76.09
1054,0.14,0.35,0.33,25.98,63.38
1055,0.31,0.5,0.28,20.98,154.19
1056,0.1,0.43,0.36,25,100.98
1057,0.1,0.37,0.55,23.67,135.16
1058,0.23,0.38,0.43,25.74,136.79
1059,0.31,0.33,0.19,18.1,70.14
1060,0.2,0.49,0.42,16.7,137.48
1061,0.01,0.32,0.06,26.21,14.63
1062,0.25,0.44,0.37,24.24,132.73
1063,0.16,0.32,0.39,17.21,95.03
1064,0.31,0.45,0.25,21.4,119.93
1065,0.17,0.49,0.49,21.53,181.9
1066,0.31,0.44,0.56,16.99,238.85
1067,0.2,0.5,0.47,18.66,173.74
1068,0.13,0.35,0.27,21.56,82.85
1069,0.01,0.46,0.14,18.01,20.83
1070,0.24,0.38,0.5,22.18,152.88
1071,0.01,0.37,0.59,28.76,61.51
1072,0.03,0.37,0.52,16.14,77.97
1073,0.28,0.35,0.14,27.46,49.91
1074,0.32,0.45,0.44,17.85,207.62
1075,0.3,0.43,0.33,22.57,93.79
1076,0.16,0.42,0.51,21.4,166.79
1077,0.09,0.34,0.14,27.45,50.34
1078,0.18,0.36,0.57,16.52,151.4
1079,0.11,0.34,0.12,21.72,41.38
1080,0.3,0.41,0.44,25.41,170.6
1081,0.3,0.44,0.41,24.37,136.82
1082,0.28,0.34,0.45,26.43,175.95
1083,0.2,0.38,0.25,27.23,109.31
1084,0.34,0.46,0.17,28.96,63.71
1085,0.35,0.38,0.52,28.72,160.81
1086,0.04,0.44,0.28,28.97,58.8
1087,0.03,0.5,0.29,21.86,60.69
1088,0.03,0.46,0.36,24.46,80.96
1089,0.13,0.5,0.07,29.64,46.96
1090,0.05,0.44,0.59,23.02,87.1
1091,0.2,0.47,0.24,17.8,116.94
1092,0.26,0.4,0.18,19.62,87.04
1093,0.08,0.34,0.53,15.62,115.98
1094,0.33,0.49,0.26,22.62,122.52
1095,0.13,0.37,0.28,22.32,79
1096,0.21,0.42,0.3,20.06,122.31
1097,0.26,0.42,0.59,15.44,237.37
1098,0.22,0.44,0.58,23.21,173.12
1099,0.05,0.42,0.23,27,48.8
1100,0.16,0.43,0.25,20.95,107.4
1101,0.25,0.33,0.26,18.28,94.06
1102,0.11,0.47,0.15,16.89,54.37
1103,0.23,0.42,0.23,23.61,88.78
1104,0.07,0.31,0.17,29.07,31.95
1105,0.16,0.33,0.18,21.97,61.16
1106,0.35,0.36,0.32,22.16,119.74
1107,0.25,0.38,0.35,27.06,109.39
1108,0.28,0.45,0.37,17.7,151.31
1109,0.31,0.36,0.38,21.92,98.52
1110,0.01,0.31,0.53,28.77,55.71
1111,0.34,0.49,0.4,27.25,215.68
1112,0.19,0.49,0.2,21.65,78.94
1113,0.14,0.47,0.14,24.27,69.31
1114,0.35,0.34,0.4,18.83,138.41
1115,0.07,0.33,0.6,28.56,94.59
1116,0.04,0.44,0.31,26.38,77.73
1117,0.1,0.35,0.14,25.94,54.59
1118,0.28,0.31,0.48,22.66,99.39
1119,0.27,0.41,0.35,22.09,127.59
1120,0.03,0.34,0.56,22.13,82.57
1121,0.26,0.46,0.58,20.4,144.14
1122,0.23,0.47,0.6,18.04,193.63
1123,0.34,0.45,0.55,16.35,185.7
1124,0.27,0.43,0.27,18.71,106.61
1125,0.17,0.34,0.49,25.58,158.07
1126,0.18,0.35,0.46,23.08,158.25
1127,0.05,0.5,0.13,28.24,36.18
1128,0.25,0.4,0.21,29.08,80.87
1129,0.33,0.47,0.29,25.21,159.4
1130,0.22,0.38,0.23,22.52,73.79
1131,0.09,0.31,0.3,21.35,71.4
1132,0.24,0.43,0.37,15.31,137.68
1133,0.35,0.46,0.39,27.04,129.57
1134,0.33,0.42,0.27,20.88,109.11
1135,0.06,0.44,0.48,18.5,77.93
1136,0.21,0.32,0.49,27.72,109.14
1137,0.31,0.44,0.28,17.94,98.5
1138,0.27,0.36,0.51,17.41,125.77
1139,0.18,0.39,0.43,21.29,94.07
1140,0.14,0.43,0.13,19.25,50.7
1141,0.19,0.35,0.11,27.53,46.07
1142,0.27,0.35,0.2,28.74,61.91
1143,0.1,0.41,0.47,29.93,87.13
1144,0.06,0.35,0.21,17.32,47.13
1145,0.33,0.4,0.26,29.49,81.25
1146,0.17,0.46,0.16,15.02,68.05
1147,0.1,0.36,0.07,16.6,24.68
1148,0.18,0.37,0.26,28.86,102.88
1149,0.33,0.39,0.45,19.07,195.34
1150,0.25,0.36,0.15,29.15,52.81
1151,0.3,0.43,0.31,28.9,122.91
1152,0.05,0.46,0.42,28.73,69.6
1153,0.25,0.45,0.2,16.1,95.07
1154,0.33,0.43,0.26,29.49,148.66
1155,0.05,0.47,0.05,17.84,22.55
1156,0.14,0.49,0.12,21.56,49.81
1157,0.21,0.35,0.36,18.99,96.62
1158,0.14,0.44,0.33,20.6,120.02
1159,0.32,0.38,0.5,23.86,201.92
1160,0.19,0.4,0.49,27.17,143.72
1161,0.1,0.46,0.05,22.84,27.68
1162,0.16,0.41,0.09,20.08,54.48
1163,0.32,0.38,0.48,19.63,167.48
1164,0.29,0.47,0.48,25.4,129.77
1165,0.29,0.41,0.23,21.37,101.54
1166,0.11,0.39,0.57,18.67,92.37
1167,0.21,0.33,0.36,21.18,74.05
1168,0.15,0.41,0.45,27.42,108.56
1169,0.22,0.48,0.31,25.94,143.34
1170,0.17,0.45,0.25,16.8,80.06
1171,0.04,0.45,0.34,26,58.13
1172,0.28,0.44,0.31,17.59,108.77
1173,0.28,0.48,0.33,20.41,154.38
1174,0.29,0.36,0.17,19.43,66.38
1175,0.31,0.5,0.42,20.27,143.33
1176,0.05,0.46,0.6,25.82,109.67
1177,0.25,0.4,0.18,19.15,58.83
1178,0.33,0.5,0.34,21.57,144.4
1179,0.35,0.45,0.46,28.92,138.12
1180,0.33,0.38,0.47,15.64,146.69
1181,0.27,0.43,0.52,18.13,163.54
1182,0.03,0.32,0.23,24.57,43.32
1183,0.1,0.34,0.25,21.62,72.65
1184,0.17,0.46,0.26,29.6,115.95
1185,0.06,0.39,0.57,19.12,78.04
1186,0.34,0.42,0.21,23.18,84.38
1187,0.05,0.31,0.24,21.26,45.74
1188,0.21,0.35,0.59,28.03,136.91
1189,0.12,0.38,0.54,23.74,105.47
1190,0.31,0.4,0.27,20.73,122.46
1191,0.19,0.35,0.21,27.53,75.41
1192,0.13,0.42,0.2,22.92,72.91
1193,0.2,0.44,0.33,26.79,86.84
1194,0.3,0.47,0.36,19.26,103.16
1195,0.34,0.48,0.49,19.76,182.37
1196,0.34,0.38,0.27,17.51,111.97
1197,0.2,0.44,0.16,27.63,67.9
1198,0.34,0.42,0.19,27.35,113.32
1199,0.09,0.37,0.52,18.47,79.09
1200,0.04,0.36,0.05,20.86,16.53
1201,0.06,0.34,0.3,28.51,77.64
1202,0.14,0.46,0.31,25.02,110.55
1203,0.24,0.39,0.47,24.81,159.31
1204,0.12,0.49,0.35,28.81,123.92
1205,0.09,0.33,0.51,27.51,98.57
1206,0.08,0.49,0.39,16.1,108.82
1207,0.28,0.31,0.41,24.93,102.78
1208,0.29,0.42,0.46,15.69,115.31
1209,0.18,0.42,0.14,28.91,71.22
1210,0.04,0.35,0.13,15.74,31.61
1211,0.07,0.5,0.29,21.44,93.64
1212,0.14,0.37,0.18,29.08,54.74
1213,0.15,0.38,0.47,23.16,139.02
1214,0.04,0.37,0.5,28.02,81.95
1215,0.19,0.33,0.26,20.71,70.13
1216,0.24,0.38,0.44,21.9,132.38
1217,0.15,0.33,0.35,26.53,80.11
1218,0.22,0.36,0.52,25.8,180.98
1219,0.12,0.44,0.34,29.48,116.83
1220,0.09,0.33,0.48,24.27,99.13
1221,0.27,0.34,0.55,20.88,127.67
1222,0.09,0.45,0.48,15.06,88.99
1223,0.22,0.35,0.55,21.88,108.57
1224,0.18,0.37,0.13,21.8,62.74
1225,0.01,0.45,0.02,20.06,6.68
1226,0.35,0.37,0.42,15.43,183.33
1227,0.25,0.48,0.19,17.08,104.83
1228,0.26,0.41,0.26,15.85,94.96
1229,0.05,0.41,0.55,22.78,69.74
1230,0.07,0.45,0.58,29.93,99.12
1231,0.32,0.4,0.41,15.01,165.32
1232,0.12,0.34,0.59,22.18,118.32
1233,0.31,0.48,0.44,28.14,162.21
1234,0.07,0.48,0.5,22.56,119.05
1235,0.11,0.47,0.44,15.58,104.36
1236,0.11,0.46,0.46,23.62,107.22
1237,0.28,0.33,0.35,19.49,97.04
1238,0.23,0.49,0.44,27.32,181.06
1239,0.05,0.49,0.35,23.16,80.88
1240,0.17,0.44,0.46,23.81,160.27
1241,0.35,0.47,0.25,29.69,86.67
1242,0.04,0.32,0.13,19.87,37.27
1243,0.01,0.32,0.46,17.42,35.98
1244,0.16,0.35,0.24,20.42,68.24
1245,0.25,0.31,0.35,20.1,121.35
1246,0.13,0.37,0.12,26.89,43.74
1247,0.25,0.45,0.31,24.24,103.13
1248,0.15,0.5,0.38,25.52,150.29
1249,0.1,0.46,0.31,22.93,69.37
1250,0.3,0.46,0.46,18.87,176.12
1251,0.33,0.45,0.43,22.92,193.95
1252,0.14,0.36,0.22,16.34,84.17
1253,0.35,0.36,0.39,19.52,98.98
1254,0.19,0.33,0.27,27.63,88.07
1255,0.15,0.47,0.34,29.17,140.26
1256,0.23,0.31,0.25,21.02,56.74
1257,0.05,0.37,0.48,25.57,68.36
1258,0.07,0.39,0.23,18.73,64.51
1259,0.01,0.47,0.37,18,48.6
1260,0.34,0.44,0.17,23.24,67.1
1261,0.13,0.44,0.45,17.85,158.24
1262,0.05,0.49,0.4,24.72,64.26
1263,0.35,0.43,0.55,19.71,188.97
1264,0.1,0.48,0.15,15.44,64.68
1265,0.08,0.32,0.06,25.37,29.19
1266,0.34,0.49,0.46,16.48,196.7
1267,0.23,0.48,0.38,19.92,121.5
1268,0.31,0.37,0.26,19.47,92.85
1269,0.34,0.35,0.57,20.16,134.33
1270,0.04,0.33,0.16,24.46,34.95
1271,0.11,0.47,0.58,19.71,171.87
1272,0.16,0.32,0.43,29.4,116.81
1273,0.15,0.36,0.51,29.97,163.94
1274,0.24,0.47,0.52,16.51,149.26
1275,0.06,0.45,0.21,28.5,58.16
1276,0.07,0.47,0.1,26.14,29.33
1277,0.11,0.37,0.29,27.46,94.09
1278,0.15,0.4,0.12,18.03,39.87
1279,0.25,0.34,0.45,15.2,145.54
1280,0.04,0.41,0.39,18.27,55.1
1281,0.25,0.42,0.21,29.91,108.28
1282,0.31,0.37,0.17,19.95,86.8
1283,0.08,0.46,0.2,24.6,51.75
1284,0.02,0.48,0.47,28.16,58.73
1285,0.26,0.47,0.28,21.21,149.64
1286,0.25,0.5,0.41,23.85,126.4
1287,0.11,0.4,0.27,29.29,87.49
1288,0.22,0.31,0.11,19.13,33.66
1289,0.24,0.42,0.15,16.31,54.26
1290,0.34,0.42,0.44,17.66,140.01
1291,0.05,0.49,0.4,17.48,91.69
1292,0.28,0.45,0.21,24.87,77.16
1293,0.3,0.37,0.46,26.61,114.84
1294,0.13,0.5,0.35,25.9,128.57
1295,0.17,0.46,0.32,24.39,120.78
1296,0.35,0.37,0.35,26.16,151.71
1297,0.35,0.49,0.18,27.72,75
1298,0.24,0.43,0.21,17.23,100.81
1299,0.29,0.34,0.29,21.14,94.76
1300,0.1,0.49,0.34,16.08,98.62
1301,0.2,0.36,0.43,24.65,140.86
1302,0.3,0.31,0.21,27.95,78.67
1303,0.31,0.46,0.5,17.73,153.16
1304,0.24,0.44,0.25,20.41,108.39
1305,0.32,0.31,0.55,25.35,156.98
1306,0.17,0.41,0.35,26.87,137.58
1307,0.21,0.46,0.19,17.04,70.83
1308,0.35,0.33,0.5,20.26,159.55
1309,0.08,0.33,0.2,27.13,59.88
1310,0.08,0.35,0.49,21.06,115.63
1311,0.22,0.34,0.19,16.3,87.72
1312,0.33,0.47,0.21,23.29,125.55
1313,0.17,0.32,0.54,27.7,146.77
1314,0.33,0.44,0.43,22.1,186.77
1315,0.03,0.41,0.1,15.98,28.53
1316,0.2,0.42,0.29,17.48,132.45
1317,0.15,0.49,0.57,20.84,126.41
1318,0.23,0.31,0.12,21.31,55.5
1319,0.12,0.38,0.43,16.99,76.9
1320,0.01,0.32,0.17,18.16,19.65
1321,0.3,0.46,0.37,21.29,138.09
1322,0.3,0.35,0.28,15.47,84.9
1323,0.29,0.35,0.28,20.53,78.03
1324,0.26,0.38,0.23,16.5,78.93
1325,0.32,0.32,0.43,20.38,122.1
1326,0.02,0.43,0.57,24.27,88.17
1327,0.33,0.32,0.45,18.84,134.3
1328,0.22,0.47,0.29,29.04,142.97
1329,0.26,0.42,0.53,26.32,215.55
1330,0.01,0.38,0.21,15.34,33.9
1331,0.33,0.43,0.23,24.79,136.45
1332,0.14,0.36,0.5,25.16,152.07
1333,0.03,0.41,0.38,27.56,77.33
1334,0.26,0.41,0.16,19.73,53.35
1335,0.13,0.44,0.6,20.72,167.34
1336,0.29,0.36,0.26,28.61,71.51
1337,0.05,0.35,0.21,22.78,56.34
1338,0.35,0.32,0.23,19.23,105.57
1339,0.1,0.48,0.28,15.04,86.15
1340,0.32,0.44,0.56,23.81,162.9
1341,0.02,0.46,0.16,24.64,34.51
1342,0.06,0.38,0.29,16.25,52.78
1343,0.04,0.47,0.43,27.82,62.09
1344,0.04,0.48,0.52,26.19,93.33
1345,0.13,0.4,0.22,27.1,63.38
1346,0.17,0.5,0.51,23.9,208.86
1347,0.26,0.37,0.19,27.79,83.78
1348,0.09,0.38,0.09,16.94,33.96
1349,0.29,0.4,0.23,15.33,80.85
1350,0.15,0.39,0.39,15.18,87.94
1351,0.29,0.39,0.3,20.7,101.15
1352,0.1,0.49,0.37,21.77,107.46
1353,0.07,0.33,0.55,21.5,94.86
1354,0.09,0.35,0.57,15.19,88.72
1355,0.21,0.46,0.55,18.25,162.99
1356,0.02,0.41,0.18,21.8,31.91
1357,0.15,0.48,0.57,23.42,196.81
1358,0.33,0.37,0.48,25.42,117.84
1359,0.11,0.36,0.06,26.63,31.88
1360,0.02,0.48,0.59,21.91,80.97
1361,0.24,0.34,0.47,18.53,145.22
1362,0.11,0.31,0.21,28.34,44.54
1363,0.32,0.36,0.18,28.99,89.38
1364,0.27,0.34,0.55,25.35,127.84
1365,0.25,0.41,0.25,22.91,112.13
1366,0.08,0.32,0.36,16.77,53.14
1367,0.2,0.43,0.18,24.29,72.83
1368,0.2,0.43,0.24,21.19,79.31
1369,0.2,0.36,0.31,22.23,125.72
1370,0.03,0.46,0.27,29.88,53.9
1371,0.18,0.49,0.2,29.72,60.45
1372,0.28,0.5,0.46,29.35,125.38
1373,0.21,0.5,0.34,18.49,145.01
1374,0.21,0.47,0.54,24.82,122.51
1375,0.25,0.5,0.4,21.18,167.26
1376,0.34,0.38,0.18,24.78,102.83
1377,0.34,0.45,0.2,25.08,112.13
1378,0.18,0.31,0.25,24.83,89.71
1379,0.24,0.37,0.45,23.68,122.63
1380,0.2,0.45,0.54,16.49,119.59
1381,0.06,0.48,0.21,19.9,53.13
1382,0.02,0.38,0.11,23.58,20.18
1383,0.19,0.38,0.44,25.2,91.1
1384,0.13,0.42,0.22,27.41,62.06
1385,0.11,0.45,0.19,23.98,66.73
1386,0.23,0.46,0.33,26.77,146.17
1387,0.32,0.39,0.49,18.49,148.14
1388,0.12,0.31,0.4,26.32,102.47
1389,0.19,0.31,0.13,22.54,37.02
1390,0.15,0.4,0.53,25.42,103.97
1391,0.34,0.44,0.43,22.7,140.49
1392,0.18,0.43,0.25,26.28,103.09
1393,0.04,0.41,0.28,15.5,39.38
1394,0.35,0.44,0.51,18.12,170.54
1395,0.14,0.39,0.36,19.76,117.39
1396,0.12,0.33,0.21,16.69,75.32
1397,0.27,0.39,0.22,24.6,82.76
1398,0.14,0.49,0.58,18.7,143.33
1399,0.12,0.45,0.15,17.67,67.15
1400,0.27,0.44,0.15,21.09,56.15
1401,0.08,0.37,0.57,19.5,91.61
1402,0.08,0.5,0.49,18.16,108.44
1403,0.04,0.42,0.1,26.53,21.53
1404,0.33,0.31,0.54,15.68,167.46
1405,0.08,0.31,0.5,27.13,76.08
1406,0.28,0.39,0.43,20.94,106.8
1407,0.1,0.48,0.24,23.2,77.22
1408,0.26,0.49,0.13,23.37,75.54
1409,0.08,0.43,0.1,23.85,33.63
1410,0.08,0.33,0.38,25.34,79.06
1411,0.32,0.36,0.26,15.9,80.2
1412,0.07,0.47,0.53,25.01,128.83
1413,0.18,0.37,0.48,22.39,167.33
1414,0.13,0.39,0.17,17.27,51.8
1415,0.04,0.32,0.05,25.16,14.85
1416,0.04,0.32,0.56,17.8,97.75
1417,0.13,0.44,0.24,23.6,99.87
1418,0.04,0.49,0.52,24.85,108.71
1419,0.02,0.43,0.25,27.67,42.53
1420,0.16,0.38,0.12,28.78,58.99
1421,0.14,0.43,0.34,23.18,78.98
1422,0.1,0.33,0.24,20.94,64.68
1423,0.28,0.42,0.56,20.76,131.49
1424,0.11,0.37,0.16,19.58,37.49
1425,0.08,0.36,0.1,25.87,27.76
1426,0.15,0.41,0.15,23.25,71.56
1427,0.08,0.33,0.07,17.12,30.29
1428,0.23,0.48,0.13,19.58,55.34
1429,0.19,0.36,0.36,19.79,130.45
1430,0.31,0.44,0.54,27.15,161.11
1431,0.35,0.42,0.58,29.42,222.58
1432,0.15,0.39,0.48,27.65,109.21
1433,0.04,0.32,0.14,21.62,28.14
1434,0.06,0.42,0.51,27.15,112
1435,0.19,0.48,0.22,29.8,85.67
1436,0.33,0.38,0.19,15.85,107.41
1437,0.27,0.38,0.36,18.58,138.21
1438,0.21,0.36,0.56,18.68,165.54
1439,0.22,0.49,0.24,24.58,103.15
1440,0.12,0.31,0.46,17.14,110.01
1441,0.05,0.32,0.25,16.49,37.61
1442,0.13,0.31,0.54,20.54,146.28
1443,0.05,0.46,0.57,18,111.14
1444,0.25,0.42,0.2,20.18,87.7
1445,0.32,0.31,0.24,15.91,112.34
1446,0.26,0.31,0.57,26.27,130.47
1447,0.14,0.49,0.5,23.63,181.47
1448,0.29,0.45,0.31,29.07,156.98
1449,0.06,0.43,0.04,22.49,19.75
1450,0.03,0.42,0.36,24.64,74.17
1451,0.16,0.48,0.49,17.11,142.74
1452,0.33,0.34,0.2,21.54,84.8
1453,0.34,0.41,0.54,22.94,178.63
1454,0.34,0.44,0.25,17.07,96
1455,0.22,0.31,0.22,26.33,57.17
1456,0.01,0.45,0.25,26.37,27.11
1457,0.11,0.47,0.35,22.97,80.21
1458,0.01,0.37,0.56,16.06,37.79
1459,0.05,0.36,0.23,19.72,57.15
1460,0.24,0.32,0.27,15.59,104.95
1461,0.05,0.31,0.09,28.53,24.79
1462,0.24,0.48,0.59,19.48,167.9
1463,0.03,0.46,0.14,25.67,43.84
1464,0.3,0.49,0.36,28.78,157.46
1465,0.25,0.37,0.31,20,114.66
1466,0.18,0.42,0.18,26.36,71.15
1467,0.34,0.45,0.57,26.36,175.68
1468,0.15,0.38,0.22,21.48,73.02
1469,0.01,0.46,0.52,16.2,54.34
1470,0.08,0.47,0.49,28.14,140.99
1471,0.14,0.32,0.37,25.51,85.25
1472,0.05,0.34,0.4,27.67,86.24
1473,0.2,0.42,0.56,27.22,195.37
1474,0.35,0.45,0.55,17.18,182.56
1475,0.08,0.39,0.12,19,49.72
1476,0.29,0.43,0.52,19.59,132.85
1477,0.33,0.39,0.29,19.32,98.38
1478,0.13,0.36,0.44,18.54,131.93
1479,0.05,0.45,0.31,19.28,48.18
1480,0.24,0.37,0.4,24.42,144.64
1481,0.03,0.43,0.49,15.15,93.47
1482,0.31,0.47,0.59,21.29,195.67
1483,0.01,0.47,0.14,29.84,30.43
1484,0.06,0.37,0.29,27.98,73.22
1485,0.17,0.48,0.14,20.85,65.81
1486,0.26,0.46,0.4,28.12,189.56
1487,0.29,0.43,0.57,22.77,152.49
1488,0.2,0.37,0.4,16.15,145.36
1489,0.09,0.4,0.09,25.97,30.52
1490,0.29,0.35,0.32,23.51,121.34
1491,0.24,0.38,0.29,26.91,123.91
1492,0.13,0.33,0.57,16.93,132.99
1493,0.1,0.48,0.4,26.13,138.72
1494,0.13,0.39,0.15,22.87,44.04
1495,0.07,0.44,0.18,17.74,43.99
1496,0.34,0.5,0.29,18.65,107.92
1497,0.29,0.33,0.2,28.48,56.75
1498,0.26,0.34,0.58,22.94,177.3
1499,0.18,0.45,0.15,17.16,62.4
1500,0.01,0.39,0.26,18.7,33.4
1501,0.28,0.45,0.23,19.74,121.31
1502,0.33,0.44,0.37,16.75,167.16
1503,0.03,0.36,0.51,26.34,83.62
1504,0.26,0.37,0.47,21.13,122.65
1505,0.27,0.37,0.39,18.13,110.62
1506,0.32,0.31,0.25,20.09,114.4
1507,0.01,0.39,0.2,16.21,32.9
1508,0.02,0.42,0.45,19.07,73.13
1509,0.33,0.45,0.2,20.85,122.51
1510,0.03,0.4,0.27,21.32,57.54
1511,0.34,0.46,0.43,23.04,154.06
1512,0.08,0.38,0.31,15.86,90.09
1513,0.34,0.47,0.55,22.14,256.72
1514,0.01,0.46,0.17,17.1,33.93
1515,0.09,0.47,0.23,19.1,56.62
1516,0.3,0.33,0.43,25.53,97.06
1517,0.16,0.33,0.43,19.08,138.8
1518,0.35,0.33,0.57,18.26,221.75
1519,0.27,0.34,0.4,22.27,152.9
1520,0.18,0.31,0.39,22.19,109.66
1521,0.21,0.37,0.51,18.8,135.06
1522,0.22,0.47,0.19,19.44,98.92
1523,0.08,0.49,0.43,18.21,127.68
1524,0.14,0.32,0.1,16.06,41.69
1525,0.14,0.38,0.26,28.03,90.05
1526,0.01,0.47,0.15,18.2,20.66
1527,0.06,0.5,0.5,18.36,114.05
1528,0.18,0.33,0.54,25.41,148.34
1529,0.07,0.47,0.56,20.02,88.32
1530,0.21,0.43,0.24,18.71,106.97
1531,0.32,0.36,0.47,28.23,177.18
1532,0.11,0.48,0.52,24.89,168.98
1533,0.14,0.47,0.26,20.69,67.43
1534,0.28,0.35,0.14,20.65,70.97
1535,0.02,0.39,0.56,21.11,52.65
1536,0.2,0.37,0.59,21.09,131.24
1537,0.29,0.31,0.51,25.62,166.84
1538,0.34,0.36,0.27,21.17,79.97
1539,0.17,0.41,0.41,16.19,131.49
1540,0.33,0.43,0.49,17.51,224.63
1541,0.35,0.5,0.39,18.5,172.16
1542,0.09,0.5,0.29,18.3,82.51
1543,0.25,0.46,0.32,26.34,109.5
1544,0.31,0.44,0.52,24.69,171.16
1545,0.03,0.44,0.44,23.73,87.38
1546,0.19,0.31,0.37,17.79,127.1
1547,0.03,0.38,0.19,16.92,43.48
1548,0.21,0.32,0.14,26.63,51.9
1549,0.18,0.39,0.24,23.21,82.78
1550,0.35,0.44,0.45,21.78,147.69
1551,0.34,0.38,0.46,16.73,180.48
1552,0.05,0.43,0.28,20.87,76.67
1553,0.31,0.41,0.35,16.38,117.84
1554,0.16,0.32,0.47,20.37,92.27
1555,0.31,0.33,0.48,25.71,120.37
1556,0.07,0.4,0.19,24.65,62.16
1557,0.14,0.38,0.41,18.04,133.18
1558,0.03,0.48,0.06,29.7,15.71
1559,0.33,0.34,0.27,18.49,119.72
1560,0.21,0.49,0.52,23.74,190.64
1561,0.02,0.38,0.42,19.1,70.61
1562,0.1,0.32,0.49,21.84,115.36
1563,0.18,0.39,0.12,23.53,56.47
1564,0.31,0.49,0.41,26.36,158.29
1565,0.02,0.47,0.34,15.77,63.67
1566,0.34,0.45,0.52,27.27,225.07
1567,0.07,0.36,0.55,16.8,93.54
1568,0.18,0.33,0.22,19.51,82.78
1569,0.17,0.33,0.27,19.28,98.9
1570,0.02,0.37,0.44,16.1,70.37
1571,0.07,0.39,0.2,21.9,59.05
1572,0.15,0.36,0.13,28.43,46
1573,0.06,0.5,0.31,29.48,91.96
1574,0.11,0.38,0.07,22.21,33.07
1575,0.08,0.38,0.29,16.03,56.6
1576,0.17,0.47,0.18,16.82,82.79
1577,0.31,0.34,0.37,24.11,129.6
1578,0.19,0.44,0.45,17.89,111.09
1579,0.34,0.41,0.53,27.75,220.49
1580,0.09,0.44,0.39,21.3,89.05
1581,0.23,0.37,0.42,29.44,114.9
1582,0.17,0.45,0.3,25.66,133.62
1583,0.32,0.41,0.29,15.74,100.23
1584,0.19,0.34,0.41,25.23,93.11
1585,0.18,0.31,0.55,24.65,132.87
1586,0.32,0.48,0.49,21.57,189.84
1587,0.19,0.46,0.41,28.27,134.79
1588,0.28,0.46,0.16,25,85.84
1589,0.25,0.42,0.48,17,152.45
1590,0.3,0.39,0.22,22.31,101.3
1591,0.34,0.5,0.48,20.19,147.57
1592,0.21,0.35,0.16,16.8,63.98
1593,0.28,0.46,0.34,26.6,98.36
1594,0.32,0.5,0.16,23.4,66.14
1595,0.08,0.38,0.49,28.07,77.41
1596,0.26,0.49,0.49,18.42,204.52
1597,0.08,0.39,0.56,17.98,84.36
1598,0.21,0.35,0.23,16.9,92.57
1599,0.04,0.46,0.5,17.82,75.83
1600,0.34,0.48,0.25,18.84,131.84
1601,0.06,0.39,0.27,28.23,55.21
1602,0.01,0.44,0.29,17.19,32.45
1603,0.25,0.46,0.51,26.63,203.96
1604,0.08,0.46,0.25,25.18,79.33
1605,0.05,0.46,0.34,17.88,86.74
1606,0.35,0.49,0.56,27.26,171.26
1607,0.23,0.33,0.25,21.58,86.08
1608,0.22,0.46,0.59,23.97,130.73
1609,0.05,0.4,0.46,25.6,75.12
1610,0.19,0.5,0.51,25.58,142.37
1611,0.31,0.31,0.25,22.35,78.55
1612,0.33,0.37,0.29,25.59,135.84
1613,0.35,0.45,0.48,29.49,183.5
1614,0.23,0.33,0.15,25.95,59.56
1615,0.08,0.43,0.49,20.97,77.01
1616,0.01,0.42,0.37,20.08,38.77
1617,0.15,0.36,0.39,23.33,74.23
1618,0.18,0.34,0.34,29.79,103.31
1619,0.12,0.34,0.13,22.42,40.91
1620,0.08,0.35,0.1,22.28,30.16
1621,0.05,0.49,0.38,27.5,106.3
1622,0.29,0.31,0.48,26.96,134.2
1623,0.1,0.46,0.11,17.38,43.03
1624,0.18,0.33,0.54,25.61,143.83
1625,0.09,0.31,0.43,29.57,104.04
1626,0.15,0.32,0.08,23.57,41.94
1627,0.28,0.47,0.2,22.29,117.4
1628,0.18,0.5,0.28,27.74,95.92
1629,0.1,0.41,0.26,29.57,65.45
1630,0.07,0.47,0.51,29.94,102.97
1631,0.02,0.41,0.08,23.37,18.29
1632,0.15,0.37,0.19,19.77,73.79
1633,0.22,0.4,0.15,29.16,81.27
1634,0.19,0.5,0.53,24.1,147.66
1635,0.14,0.41,0.15,19.83,66.41
1636,0.29,0.48,0.33,16.31,112.72
1637,0.19,0.41,0.19,29.07,86.56
1638,0.16,0.47,0.1,23.7,48.59
1639,0.31,0.36,0.52,22.06,116.52
1640,0.3,0.42,0.56,16.98,146.42
1641,0.32,0.39,0.46,19.95,121.33
1642,0.1,0.41,0.36,28.04,90.4
1643,0.11,0.32,0.4,23.81,94.79
1644,0.25,0.4,0.14,27.26,73.2
1645,0.17,0.43,0.17,29.68,72.82
1646,0.18,0.4,0.16,25.88,63.15
1647,0.03,0.36,0.52,21.46,62.72
1648,0.3,0.46,0.34,28.51,168.96
1649,0.04,0.37,0.41,21.17,67.66
1650,0.25,0.46,0.48,21.05,123.16
1651,0.08,0.41,0.58,20.84,110.21
1652,0.13,0.46,0.53,17.92,177.03
1653,0.11,0.35,0.18,29.01,43.59
1654,0.06,0.5,0.56,27.52,126.21
1655,0.11,0.38,0.16,29.88,41.69
1656,0.04,0.35,0.26,18.84,53.39
1657,0.33,0.45,0.46,23.33,161.67
1658,0.35,0.48,0.56,16.71,249.6
1659,0.12,0.31,0.36,28.76,65.02
1660,0.3,0.31,0.49,24.46,178.32
1661,0.26,0.46,0.38,18.61,105.17
1662,0.34,0.42,0.45,17.16,201.84
1663,0.3,0.35,0.58,20.03,123.72
1664,0.2,0.5,0.37,22.29,119.42
1665,0.03,0.4,0.15,17.45,35.42
1666,0.17,0.36,0.32,18.08,66.44
1667,0.27,0.48,0.59,26.35,241.84
1668,0.32,0.33,0.55,28.02,147.63
1669,0.18,0.43,0.33,25.3,116.89
1670,0.15,0.49,0.32,17.51,126.31
1671,0.03,0.49,0.2,29.79,52.18
1672,0.08,0.39,0.47,24.46,113.7
1673,0.19,0.48,0.21,18.36,78.44
1674,0.27,0.48,0.44,25.72,185.63
1675,0.24,0.33,0.42,17.99,144.7
1676,0.03,0.49,0.43,29.38,65.75
1677,0.35,0.49,0.45,26.48,186.44
1678,0.32,0.43,0.47,29.23,169.49
1679,0.29,0.46,0.18,28.93,75.14
1680,0.14,0.37,0.35,16.46,96.52
1681,0.16,0.41,0.11,23.83,51.73
1682,0.06,0.42,0.07,16.52,22.19
1683,0.22,0.37,0.12,24.28,64.31
1684,0.06,0.44,0.33,17.74,72.77
1685,0.12,0.34,0.32,20.2,91.8
1686,0.25,0.48,0.17,19.96,61.35
1687,0.16,0.33,0.16,23.29,58.47
1688,0.2,0.42,0.25,27.7,89.33
1689,0.11,0.36,0.32,29.11,68.94
1690,0.12,0.35,0.36,29.29,87.5
1691,0.33,0.31,0.33,25.77,104.32
1692,0.15,0.48,0.3,15.52,84.29
1693,0.16,0.43,0.33,28.95,76.53
1694,0.11,0.36,0.07,28.22,31.64
1695,0.1,0.46,0.25,25.63,59.93
1696,0.17,0.33,0.3,17.31,88.03
1697,0.12,0.31,0.26,20.41,59.48
1698,0.3,0.38,0.24,28.22,91.46
1699,0.15,0.36,0.46,26.15,118.19
1700,0.34,0.34,0.38,17.93,116.48
1701,0.11,0.33,0.45,23.6,105.47
1702,0.01,0.38,0.59,21.29,66.84
1703,0.06,0.39,0.37,27.25,64.53
1704,0.08,0.47,0.08,23.07,35.92
1705,0.09,0.38,0.39,26.28,74.84
1706,0.29,0.38,0.29,24.57,117.38
1707,0.33,0.44,0.18,21.67,70.35
1708,0.21,0.41,0.29,23.91,117.02
1709,0.17,0.44,0.43,18.15,146.49
1710,0.25,0.35,0.6,19.58,191.92
1711,0.09,0.44,0.35,23.6,64.2
1712,0.33,0.41,0.27,15.14,144.6
1713,0.26,0.47,0.57,22.38,173.41
1714,0.12,0.49,0.31,29.89,103.35
1715,0.24,0.41,0.36,21.51,132.97
1716,0.11,0.44,0.32,27.91,105.14
1717,0.08,0.32,0.28,26.34,58.73
1718,0.29,0.36,0.38,18.12,97.38
1719,0.11,0.35,0.43,16.64,98.88
1720,0.21,0.44,0.21,23.51,87.9
1721,0.12,0.49,0.34,20.17,83.83
1722,0.03,0.5,0.07,27.71,22.61
1723,0.06,0.38,0.38,28.36,85.02
1724,0.24,0.38,0.56,23.26,208.24
1725,0.13,0.4,0.54,18.92,96.66
1726,0.32,0.32,0.45,22.11,127.39
1727,0.23,0.43,0.56,24.23,167.82
1728,0.08,0.48,0.39,22.63,73.82
1729,0.11,0.39,0.52,28.84,90.41
1730,0.04,0.31,0.27,25.54,34.98
1731,0.17,0.42,0.21,26.63,69.66
1732,0.25,0.46,0.27,18.1,110.36
1733,0.02,0.49,0.29,17.61,44.97
1734,0.31,0.37,0.23,26.08,71.38
1735,0.03,0.38,0.29,15.84,35.08
1736,0.28,0.41,0.32,26.5,132.05
1737,0.12,0.44,0.26,17.03,98.59
1738,0.23,0.46,0.57,15.04,187.11
1739,0.25,0.46,0.42,25.33,196.06
1740,0.3,0.47,0.35,18.72,179.68
1741,0.16,0.42,0.27,22.95,89.57
1742,0.14,0.4,0.5,17.2,139.99
1743,0.35,0.35,0.18,29.06,57.39
1744,0.08,0.43,0.13,17.01,42.97
1745,0.13,0.48,0.21,18.29,83.47
1746,0.32,0.44,0.32,29.93,156.89
1747,0.02,0.41,0.07,24.41,19.84
1748,0.27,0.36,0.45,16.98,166.09
1749,0.16,0.34,0.59,18.88,114.37
1750,0.31,0.31,0.34,25.53,120.71
1751,0.04,0.47,0.53,29.13,86.94
1752,0.1,0.42,0.06,16.37,32.45
1753,0.11,0.33,0.28,25.2,60.71
1754,0.13,0.36,0.47,21.07,137.58
1755,0.19,0.33,0.3,24.91,96.33
1756,0.08,0.46,0.57,29.68,160.24
1757,0.12,0.43,0.18,25.5,72.19
1758,0.03,0.45,0.56,25.31,100.31
1759,0.02,0.5,0.04,26.02,14.98
1760,0.2,0.37,0.41,18.01,100.06
1761,0.01,0.49,0.19,22.27,36.02
1762,0.04,0.47,0.44,27.68,108.95
1763,0.27,0.34,0.17,26.24,55.27
1764,0.21,0.32,0.31,26.18,98.84
1765,0.28,0.36,0.22,15.51,78.29
1766,0.08,0.49,0.19,23.18,56.04
1767,0.09,0.5,0.5,15.53,97.8
1768,0.1,0.5,0.23,19.74,88.11
1769,0.34,0.44,0.5,21.81,213.73
1770,0.05,0.33,0.15,26.92,24.75
1771,0.09,0.36,0.2,19.39,44.59
1772,0.1,0.49,0.48,18.53,127.41
1773,0.09,0.42,0.48,21.64,131.63
1774,0.1,0.45,0.07,25.88,37.54
1775,0.02,0.49,0.25,15.06,46.75
1776,0.12,0.39,0.45,15.64,114.77
1777,0.26,0.48,0.23,25.35,100.68
1778,0.03,0.47,0.25,22.95,53.51
1779,0.04,0.38,0.1,17.13,20.76
1780,0.07,0.36,0.13,26.47,33.85
1781,0.14,0.49,0.32,19.23,123.86
1782,0.28,0.39,0.3,19.51,111.92
1783,0.06,0.31,0.09,23.6,22.56
1784,0.22,0.45,0.11,18.58,41.32
1785,0.23,0.43,0.5,22.1,196.55
1786,0.15,0.41,0.37,26.5,81.3
1787,0.24,0.45,0.32,28.58,93.97
1788,0.32,0.38,0.31,27.84,132.16
1789,0.07,0.43,0.07,17.85,20.88
1790,0.3,0.36,0.36,18.29,148.78
1791,0.32,0.43,0.53,23.24,212.94
1792,0.12,0.43,0.36,28.95,71.8
1793,0.35,0.37,0.53,20.29,216.45
1794,0.13,0.49,0.12,18.74,40.31
1795,0.2,0.31,0.44,26.12,145.66
1796,0.27,0.34,0.44,18.62,149.7
1797,0.17,0.41,0.57,20.78,171.87
1798,0.05,0.48,0.43,24.16,106.51
1799,0.16,0.48,0.39,27.18,139.05
1800,0.35,0.32,0.18,15.14,71.7
1801,0.27,0.49,0.24,23.82,100.44
1802,0.04,0.48,0.26,19,46.73
1803,0.25,0.32,0.41,27.17,145.62
1804,0.18,0.37,0.59,16.8,144.01
1805,0.26,0.4,0.56,17.11,132.6
1806,0.19,0.48,0.52,20,203.99
1807,0.21,0.41,0.35,18.17,128.13
1808,0.04,0.37,0.13,18.87,33.09
1809,0.03,0.34,0.39,26.9,60.68
1810,0.34,0.47,0.32,15.71,153.88
1811,0.12,0.35,0.54,23.43,106.22
1812,0.29,0.45,0.24,20.18,106.1
1813,0.34,0.4,0.51,26.65,221.63
1814,0.02,0.37,0.38,24.77,59.73
1815,0.02,0.33,0.53,28.78,78.21
1816,0.21,0.32,0.46,22.76,103.51
1817,0.13,0.39,0.17,24.96,55.95
1818,0.26,0.4,0.5,23.79,201.81
1819,0.14,0.4,0.46,22.92,136.96
1820,0.31,0.33,0.28,25.99,77.66
1821,0.33,0.36,0.4,21.89,173.65
1822,0.16,0.4,0.42,29.6,106.42
1823,0.21,0.48,0.29,26.71,115.42
1824,0.29,0.4,0.25,15.58,75.67
1825,0.12,0.5,0.1,16.69,39.68
1826,0.24,0.45,0.57,26.78,163.66
1827,0.1,0.5,0.55,19.09,119.99
1828,0.14,0.45,0.52,29.96,152.97
1829,0.07,0.49,0.24,29.77,77.8
1830,0.06,0.49,0.39,27.58,107.26
1831,0.16,0.36,0.43,23.23,135.07
1832,0.13,0.37,0.12,29.02,48.53
1833,0.11,0.46,0.55,27.93,106.77
1834,0.01,0.48,0.03,17.75,9.64
1835,0.14,0.5,0.39,20.43,123.89
1836,0.26,0.34,0.36,25.81,141.37
1837,0.04,0.47,0.21,25.41,49.17
1838,0.12,0.37,0.13,19.76,34.22
1839,0.27,0.45,0.23,22.78,94.04
1840,0.24,0.41,0.25,29.24,98.43
1841,0.02,0.42,0.05,27.47,12.23
1842,0.02,0.38,0.21,24.71,36.12
1843,0.26,0.38,0.16,20.08,68.06
1844,0.35,0.34,0.32,19.94,92.83
1845,0.12,0.31,0.44,24.36,80.58
1846,0.32,0.5,0.3,16.44,136.85
1847,0.35,0.44,0.51,25.67,180.36
1848,0.08,0.5,0.08,28.92,35.16
1849,0.17,0.33,0.37,29.54,117.54
1850,0.09,0.46,0.42,29.68,76.85
1851,0.35,0.47,0.45,28.24,153.36
1852,0.21,0.42,0.55,25.15,190.86
1853,0.3,0.39,0.5,29.69,125.89
1854,0.23,0.42,0.57,19.85,172.11
1855,0.23,0.32,0.47,26.63,95.75
1856,0.04,0.36,0.12,24.89,32.39
1857,0.01,0.47,0.09,22.64,15.16
1858,0.2,0.31,0.52,21.46,147.17
1859,0.09,0.4,0.4,25.06,96.6
1860,0.26,0.4,0.18,15.46,63.9
1861,0.33,0.41,0.56,26.76,223.78
1862,0.02,0.37,0.15,24.08,33.71
1863,0.09,0.43,0.23,24.74,66.21
1864,0.16,0.38,0.31,29.02,70.99
1865,0.17,0.32,0.23,22.29,70.61
1866,0.08,0.48,0.21,20.3,68.7
1867,0.12,0.4,0.53,29.54,147.41
1868,0.15,0.48,0.38,17.92,123.27
1869,0.17,0.39,0.59,19.06,127.92
1870,0.35,0.35,0.22,29.12,64.49
1871,0.32,0.35,0.2,27.46,63.42
1872,0.23,0.41,0.55,28.65,211.34
1873,0.34,0.5,0.33,26.59,186.96
1874,0.23,0.41,0.28,16.31,85.92
1875,0.11,0.36,0.28,29.9,84.33
1876,0.29,0.48,0.28,24.87,102.02
1877,0.22,0.5,0.2,26.66,89.28
1878,0.14,0.49,0.25,27.35,105.95
1879,0.06,0.46,0.31,22.37,70.39
1880,0.02,0.36,0.34,17.86,54.27
1881,0.25,0.46,0.18,29.72,70.98
1882,0.3,0.39,0.23,28.67,74.98
1883,0.01,0.44,0.03,23.26,10.65
1884,0.09,0.35,0.31,20.4,86.85
1885,0.07,0.4,0.04,24.3,21.52
1886,0.11,0.41,0.51,23.41,133.09
1887,0.07,0.38,0.29,25.91,49.59
1888,0.34,0.36,0.56,27.17,178.37
1889,0.03,0.4,0.21,29.32,33.84
1890,0.08,0.49,0.57,17.55,130.84
1891,0.25,0.39,0.15,25.46,49.73
1892,0.35,0.44,0.4,24.21,148.25
1893,0.18,0.41,0.49,18.19,143.52
1894,0.07,0.5,0.38,20.97,94.41
1895,0.3,0.46,0.54,26.59,230.86
1896,0.32,0.45,0.3,20.27,135.36
1897,0.03,0.31,0.35,24.01,49
1898,0.13,0.31,0.59,26.53,109.9
1899,0.07,0.45,0.41,20.79,76.81
1900,0.14,0.48,0.17,27.4,80.84
1901,0.32,0.37,0.36,21.36,96.04
1902,0.25,0.49,0.15,19.7,97.63
1903,0.23,0.41,0.54,21.03,207.23
1904,0.17,0.43,0.6,23.86,149.88
1905,0.2,0.41,0.21,29.09,89.16
1906,0.24,0.45,0.59,17.21,166.84
1907,0.12,0.31,0.24,26.54,71.61
1908,0.27,0.45,0.44,20.98,142.13
1909,0.12,0.4,0.32,29.92,75.54
1910,0.25,0.34,0.26,25.89,90.38
1911,0.33,0.42,0.29,22.81,144.71
1912,0.1,0.41,0.48,16.32,111.23
1913,0.21,0.31,0.44,28.94,147.39
1914,0.1,0.35,0.22,15.99,49.87
1915,0.24,0.36,0.47,17.58,128.38
1916,0.21,0.48,0.12,24.12,48.33
1917,0.21,0.39,0.2,29.76,100.03
1918,0.35,0.4,0.27,20.28,110.71
1919,0.26,0.48,0.17,19.8,73.94
1920,0.26,0.42,0.21,20.53,65.55
1921,0.05,0.36,0.32,27.02,43.2
1922,0.21,0.34,0.45,16.55,102.73
1923,0.15,0.37,0.09,15.36,48.84
1924,0.02,0.49,0.55,21.19,76.52
1925,0.04,0.4,0.18,20.48,52.63
1926,0.23,0.42,0.32,18.56,119.39
1927,0.26,0.43,0.17,22.67,99.81
1928,0.12,0.4,0.23,15.76,59.87
1929,0.28,0.33,0.31,20.97,92.05
1930,0.33,0.33,0.26,22.41,105.92
1931,0.25,0.32,0.42,22.38,104.33
1932,0.28,0.34,0.39,20.18,160.85
1933,0.18,0.34,0.57,23.76,101.16
1934,0.07,0.42,0.12,23.38,28.55
1935,0.12,0.36,0.09,16.39,36.78
1936,0.29,0.45,0.29,19.81,115.44
1937,0.09,0.45,0.07,28.19,32.29
1938,0.06,0.34,0.27,27.25,57.52
1939,0.03,0.49,0.27,28.62,56.54
1940,0.22,0.49,0.4,21.1,121.29
1941,0.21,0.38,0.58,19.18,151.33
1942,0.32,0.46,0.58,25.94,221.51
1943,0.3,0.33,0.52,15.82,168.15
1944,0.29,0.46,0.2,16.52,69.21
1945,0.2,0.43,0.19,21.79,56.84
1946,0.24,0.37,0.47,15.35,121.08
1947,0.09,0.32,0.36,24.26,92.93
1948,0.05,0.32,0.52,19.17,72.48
1949,0.27,0.46,0.59,27.34,162.61
1950,0.19,0.43,0.39,22.46,163.21
1951,0.24,0.35,0.18,25.27,81.37
1952,0.29,0.45,0.57,18.22,237.43
1953,0.32,0.42,0.59,25.37,164.06
1954,0.33,0.41,0.3,16.26,126.18
1955,0.04,0.47,0.47,23.7,100.85
1956,0.29,0.41,0.55,29.59,191.49
1957,0.33,0.46,0.49,17.11,169.62
1958,0.14,0.5,0.15,27.9,60.42
1959,0.35,0.5,0.45,22.7,206.18
1960,0.17,0.45,0.43,20.02,139.08
1961,0.3,0.5,0.22,15.93,93.83
1962,0.3,0.37,0.3,27.42,78.64
1963,0.14,0.48,0.23,22.49,78.6
1964,0.26,0.43,0.3,23.12,110.51
1965,0.3,0.39,0.17,18.13,77
1966,0.17,0.49,0.39,23.61,154.28
1967,0.15,0.31,0.37,24.98,107.39
1968,0.01,0.36,0.32,24.37,38.91
1969,0.15,0.38,0.09,16.92,49.98
1970,0.17,0.39,0.23,17.23,93.48
1971,0.21,0.46,0.3,24.57,118.83
1972,0.34,0.36,0.57,15.81,205.17
1973,0.02,0.5,0.53,24.74,79.43
1974,0.13,0.31,0.46,25.86,120.72
1975,0.13,0.36,0.07,16.15,40.11
1976,0.24,0.38,0.55,16.99,206.01
1977,0.29,0.32,0.3,20.98,110.93
1978,0.2,0.31,0.3,24.49,96.99
1979,0.32,0.48,0.34,25.91,188.32
1980,0.09,0.44,0.35,17.63,84.69
1981,0.18,0.42,0.48,25.92,104.01
1982,0.21,0.4,0.19,24.85,70.23
1983,0.3,0.36,0.19,17.58,95.49
1984,0.05,0.46,0.13,25.29,43.45
1985,0.19,0.32,0.34,26.12,92.88
1986,0.12,0.4,0.59,22.23,167.4
1987,0.28,0.47,0.59,22.72,147.16
1988,0.32,0.36,0.32,19.73,140.17
1989,0.15,0.46,0.25,22.89,106.8
1990,0.3,0.31,0.25,23.72,89.79
1991,0.2,0.45,0.37,23.25,107.04
1992,0.14,0.44,0.37,19.29,131.13
1993,0.25,0.32,0.15,24.93,61.01
1994,0.3,0.36,0.55,15.43,180.28
1995,0.34,0.43,0.33,17.18,169.98
1996,0.22,0.33,0.34,23.84,121.66
1997,0.22,0.47,0.56,20.65,208.51
1998,0.15,0.33,0.34,15.79,114.55
1999,0.01,0.46,0.27,27.61,45.38
2000,0.21,0.5,0.53,19.84,141.06
2001,0.3,0.39,0.39,24.43,148.73
2002,0.23,0.41,0.29,23.76,88.43
2003,0.27,0.38,0.39,19.34,133.87
2004,0.21,0.45,0.54,21.45,211.04
2005,0.08,0.42,0.07,27.65,23.28
2006,0.19,0.48,0.44,27.46,160
2007,0.31,0.38,0.29,25.86,103.3
2008,0.14,0.44,0.54,25.48,111.8
2009,0.09,0.35,0.34,27.37,54.99
2010,0.22,0.37,0.36,28.69,110.23
2011,0.13,0.46,0.19,24.9,86.14
2012,0.29,0.43,0.17,20.78,105.52
2013,0.19,0.47,0.59,20.35,144.82
2014,0.27,0.34,0.48,26.01,125.39
2015,0.27,0.36,0.56,24.63,142.4
2016,0.15,0.35,0.23,24.57,56.36
2017,0.14,0.37,0.47,16.66,136.76
2018,0.13,0.43,0.21,25.9,57.43
2019,0.23,0.5,0.27,20.1,83.38
2020,0.29,0.44,0.57,28.97,215.68
2021,0.13,0.32,0.41,18.05,95.58
2022,0.22,0.35,0.56,28.26,192.59
2023,0.06,0.44,0.57,24.17,116.84
2024,0.2,0.46,0.22,21.37,75.68
2025,0.26,0.37,0.45,25.3,114.72
2026,0.02,0.33,0.42,26.7,50.01
2027,0.34,0.4,0.21,29.07,89.25
2028,0.25,0.33,0.35,22.37,81.89
2029,0.22,0.41,0.5,18.82,189.98
2030,0.28,0.37,0.19,23.76,88.27
2031,0.18,0.38,0.11,20.58,59.9
2032,0.28,0.39,0.38,15.03,157.83
2033,0.29,0.34,0.4,27.93,157.9
2034,0.3,0.36,0.56,16.44,204.13
2035,0.17,0.37,0.46,15.05,91.04
2036,0.29,0.32,0.44,15.78,120.78
2037,0.03,0.37,0.04,25.07,17.51
2038,0.03,0.39,0.34,27.65,56.4
2039,0.31,0.39,0.39,23.71,149.8
2040,0.21,0.32,0.54,15.29,165.65
2041,0.13,0.31,0.45,16.83,111.6
2042,0.24,0.41,0.2,18.05,98.99
2043,0.32,0.39,0.57,17.46,205.76
2044,0.2,0.41,0.49,18.51,130.45
2045,0.2,0.44,0.39,21.48,107.6
2046,0.21,0.31,0.25,29.51,95.02
2047,0.15,0.43,0.12,21.82,38.92
2048,0.02,0.4,0.05,27.5,18.58
2049,0.19,0.31,0.46,25.47,85.13
2050,0.33,0.36,0.44,27.67,125.4
2051,0.3,0.46,0.55,28.56,197.87
2052,0.2,0.49,0.22,23.82,94.95
2053,0.03,0.45,0.52,17.1,80.79
2054,0.02,0.49,0.53,17.96,59.23
2055,0.33,0.4,0.53,26.9,132.81
2056,0.24,0.43,0.14,15.35,72.42
2057,0.1,0.42,0.45,23.56,98.3
2058,0.23,0.36,0.46,25.63,144.73
2059,0.34,0.35,0.25,21.95,80.27
2060,0.2,0.44,0.35,28.58,153.4
2061,0.01,0.5,0.17,26.98,22.84
2062,0.3,0.44,0.29,25.76,129.94
2063,0.08,0.31,0.14,23.51,41.96
2064,0.23,0.36,0.23,16.76,73.79
2065,0.12,0.48,0.54,18.6,117.16
2066,0.05,0.39,0.06,23.55,25.81
2067,0.17,0.34,0.53,24.12,141.95
2068,0.18,0.4,0.52,23.08,188.07
2069,0.03,0.48,0.6,22.55,74.85
2070,0.35,0.38,0.54,19.53,212.82
2071,0.04,0.46,0.26,29.76,59.25
2072,0.35,0.45,0.23,22.4,84.76
2073,0.13,0.45,0.55,20.57,110.13
2074,0.24,0.47,0.56,27.18,147.55
2075,0.12,0.32,0.16,26.57,44.88
2076,0.27,0.5,0.3,23.88,113.9
2077,0.13,0.42,0.41,26.59,81.46
2078,0.11,0.39,0.33,19.32,108.08
2079,0.11,0.39,0.28,23.97,62.17
2080,0.05,0.39,0.51,23.52,116.78
2081,0.22,0.39,0.38,20.21,101.9
2082,0.07,0.39,0.31,19.28,49.79
2083,0.22,0.47,0.38,26.79,157.56
2084,0.19,0.4,0.53,17.95,173.97
2085,0.24,0.47,0.32,16.43,143.91
2086,0.05,0.48,0.04,15.62,23.84
2087,0.24,0.5,0.25,24.54,99.42
2088,0.1,0.49,0.4,16.14,83.71
2089,0.35,0.31,0.35,19.81,117.09
2090,0.27,0.35,0.53,27.37,199.3
2091,0.27,0.33,0.58,23.36,165.14
2092,0.24,0.34,0.48,18.37,153.68
2093,0.27,0.5,0.22,19.98,81.37
2094,0.14,0.41,0.16,21.1,51
2095,0.26,0.34,0.44,27.15,108.89
2096,0.05,0.31,0.18,27.54,31.23
2097,0.35,0.39,0.19,18.06,69.36
2098,0.04,0.45,0.3,16.02,57.38
2099,0.02,0.36,0.44,23.58,61.96
2100,0.23,0.47,0.24,28.83,95.17
2101,0.06,0.5,0.44,28.36,112.01
2102,0.29,0.34,0.52,22.96,188.86
2103,0.04,0.38,0.22,21.7,54.46
2104,0.09,0.4,0.11,23.75,45.33
2105,0.3,0.39,0.33,17.69,156.71
2106,0.33,0.36,0.58,18.99,191.74
2107,0.27,0.46,0.56,15.09,176.04
2108,0.08,0.43,0.35,29.61,99.53
2109,0.05,0.44,0.44,15.58,111.82
2110,0.19,0.5,0.18,23.03,66.63
2111,0.01,0.39,0.1,18.72,16.41
2112,0.24,0.42,0.31,15.76,131.55
2113,0.22,0.32,0.29,15.91,89.95
2114,0.17,0.38,0.59,15.22,160.74
2115,0.32,0.44,0.35,28.41,163.93
2116,0.14,0.5,0.27,17.72,104.63
2117,0.08,0.42,0.19,18.11,71.53
2118,0.21,0.49,0.28,20.09,104.97
2119,0.33,0.36,0.53,24.24,175.25
2120,0.32,0.36,0.28,22.72,98.46
2121,0.12,0.32,0.28,15.73,56.27
2122,0.16,0.41,0.42,17.31,143.72
2123,0.28,0.46,0.37,19.35,107.4
2124,0.14,0.48,0.26,18.62,66.03
2125,0.3,0.4,0.52,21.29,213.6
2126,0.23,0.39,0.15,17.84,51.83
2127,0.25,0.33,0.4,20.89,138.87
2128,0.17,0.45,0.41,16.04,155.28
2129,0.24,0.41,0.46,23.55,147.52
2130,0.14,0.33,0.48,20.97,109.1
2131,0.17,0.48,0.37,19.5,89.25
2132,0.21,0.5,0.36,18.64,110.3
2133,0.07,0.39,0.21,25.12,47.16
2134,0.17,0.38,0.32,15.81,103.29
2135,0.23,0.47,0.2,28.49,65.3
2136,0.31,0.38,0.25,21.03,131.57
2137,0.06,0.5,0.42,29.98,96.11
2138,0.22,0.46,0.53,17.54,135.65
2139,0.22,0.42,0.21,24.42,75.98
2140,0.01,0.36,0.46,21.11,44.47
2141,0.02,0.42,0.03,18.52,14.38
2142,0.24,0.36,0.54,26.37,153.19
2143,0.19,0.35,0.53,24.25,99.38
2144,0.02,0.5,0.19,16.37,43.29
2145,0.08,0.46,0.1,16.69,35.31
2146,0.29,0.44,0.29,21.58,104.07
2147,0.04,0.32,0.49,18.85,67.63
2148,0.14,0.41,0.1,18.6,46.59
2149,0.19,0.35,0.21,15.4,89.63
2150,0.27,0.47,0.17,29.13,64.6
2151,0.15,0.49,0.21,18.44,105.08
2152,0.09,0.48,0.39,24.25,86.82
2153,0.1,0.39,0.31,21.17,68.77
2154,0.16,0.44,0.38,27.31,124.81
2155,0.08,0.43,0.06,29.5,22.44
2156,0.33,0.36,0.52,19.42,190.24
2157,0.04,0.44,0.38,25.18,51.73
2158,0.12,0.38,0.34,17.24,64.41
2159,0.23,0.42,0.37,23.02,146.29
2160,0.19,0.43,0.14,26.47,75.68
2161,0.15,0.44,0.23,29.87,74.6
2162,0.05,0.45,0.28,17.64,80.67
2163,0.18,0.5,0.16,28.41,93.49
2164,0.02,0.31,0.12,21.2,25.7
2165,0.24,0.43,0.18,18.06,94.18
2166,0.25,0.31,0.57,29.81,137.94
2167,0.19,0.34,0.42,28.48,139.63
2168,0.32,0.35,0.33,24.82,140.54
2169,0.33,0.36,0.43,26.38,178.5
2170,0.35,0.32,0.3,26.78,94.51
2171,0.04,0.39,0.26,23.37,57.98
2172,0.17,0.39,0.55,27.43,142.8
2173,0.27,0.45,0.2,19.86,118.84
2174,0.27,0.4,0.27,20.27,124.31
2175,0.21,0.36,0.57,21.62,128.98
2176,0.17,0.49,0.52,21.18,200.51
2177,0.21,0.38,0.23,25.93,69.59
2178,0.04,0.33,0.47,28.68,86.6
2179,0.11,0.39,0.5,26.18,102.68
2180,0.24,0.33,0.57,26.56,140.37
2181,0.24,0.48,0.23,23.04,102.87
2182,0.11,0.35,0.07,26.18,33.47
2183,0.13,0.31,0.31,29.58,72.4
2184,0.16,0.38,0.21,23.8,84.73
2185,0.09,0.47,0.45,29.31,109.13
2186,0.32,0.5,0.53,28.4,162.86
2187,0.16,0.35,0.43,21.2,80.18
2188,0.22,0.46,0.56,21.21,219.84
2189,0.06,0.49,0.04,24.93,27.94
2190,0.12,0.47,0.1,22.45,51.68
2191,0.01,0.4,0.16,17.29,17.42
2192,0.1,0.41,0.35,24.02,83.47
2193,0.18,0.46,0.22,16.45,88.95
2194,0.32,0.46,0.57,15.52,260.67
2195,0.34,0.34,0.3,24.64,138.61
2196,0.29,0.49,0.47,24.97,225.2
2197,0.1,0.38,0.17,25.08,59.35
2198,0.03,0.4,0.33,27.5,50.92
2199,0.11,0.31,0.59,26.94,106.82
2200,0.02,0.39,0.11,16.76,24.26
2201,0.32,0.47,0.48,26.39,228.97
2202,0.24,0.45,0.57,26.91,238.6
2203,0.22,0.35,0.26,20.36,74.58
2204,0.16,0.5,0.57,29.43,142.64
2205,0.24,0.5,0.49,28.08,135.39
2206,0.06,0.31,0.48,20.73,97.18
2207,0.24,0.43,0.18,16.23,89.53
2208,0.04,0.48,0.3,18.47,62.77
2209,0.01,0.32,0.11,16.85,18.65
2210,0.15,0.37,0.58,25.38,165.17
2211,0.28,0.38,0.28,25.61,78.6
2212,0.08,0.45,0.5,16.54,84.43
2213,0.33,0.32,0.34,21.96,95
2214,0.24,0.49,0.36,24.8,153.33
2215,0.14,0.46,0.41,24.82,152.76
2216,0.05,0.36,0.57,20.11,95.39
2217,0.23,0.49,0.15,19.55,67.85
2218,0.2,0.42,0.17,28.83,69.3
2219,0.18,0.31,0.42,19.92,111.32
2220,0.13,0.34,0.33,22.49,100.42
2221,0.07,0.47,0.26,20.03,52.83
2222,0.08,0.4,0.09,25.12,40.26
2223,0.23,0.39,0.32,16.68,111.84
2224,0.21,0.46,0.43,15.11,117.48
2225,0.22,0.48,0.57,29.25,150.04
2226,0.15,0.35,0.59,28.59,155.96
2227,0.13,0.41,0.46,20.68,90.99
2228,0.18,0.42,0.39,15.25,116.67
2229,0.09,0.42,0.09,18.74,35.8
2230,0.2,0.41,0.32,20.06,102.61
2231,0.14,0.41,0.57,26.73,130.52
2232,0.27,0.36,0.31,25.32,122.75
2233,0.09,0.5,0.54,29.89,134.54
2234,0.18,0.4,0.38,18.76,102.2
2235,0.03,0.4,0.57,20.95,74.07
2236,0.1,0.31,0.1,25.27,27.98
2237,0.35,0.47,0.58,16.21,271.27
2238,0.04,0.44,0.49,15.88,80.33
2239,0.17,0.36,0.14,16.43,49.53
2240,0.08,0.41,0.35,27.7,92.11
2241,0.29,0.36,0.52,26.19,192.8
2242,0.02,0.36,0.43,16.24,63.21
2243,0.03,0.39,0.18,25.19,28.4
2244,0.32,0.31,0.31,19.77,79.32
2245,0.31,0.41,0.17,29.96,64.77
2246,0.03,0.32,0.6,22.93,57.65
2247,0.3,0.43,0.39,23.65,136.16
2248,0.1,0.46,0.31,21.65,76.39
2249,0.02,0.35,0.58,28.3,50
2250,0.35,0.37,0.37,24.32,104.71
2251,0.11,0.32,0.48,27.49,106.68
2252,0.07,0.39,0.35,17.22,64.3
2253,0.22,0.33,0.33,17.07,109.72
2254,0.04,0.35,0.32,20.56,58.3
2255,0.16,0.37,0.5,22.91,149.58
2256,0.25,0.49,0.55,22.06,150.95
2257,0.25,0.33,0.5,21.28,116.37
2258,0.28,0.36,0.33,16.95,138.33
2259,0.24,0.48,0.54,15.09,143.43
2260,0.24,0.41,0.38,23.84,139
2261,0.14,0.41,0.25,24.85,96.13
2262,0.33,0.45,0.17,26.33,87.86
2263,0.01,0.43,0.52,29.62,48.13
2264,0.23,0.33,0.2,23.96,51.79
2265,0.07,0.47,0.33,16.95,58.54
2266,0.29,0.34,0.52,29.46,133.2
2267,0.13,0.43,0.4,21.39,103.08
2268,0.15,0.31,0.32,20.02,59.22
2269,0.2,0.44,0.3,24.6,110.79
2270,0.23,0.4,0.55,21.6,165.77
2271,0.15,0.46,0.56,21.12,152.86
2272,0.11,0.48,0.42,24.26,127.96
2273,0.11,0.45,0.37,26.95,130.77
2274,0.28,0.44,0.27,16.42,83.2
2275,0.06,0.36,0.34,19.63,65.95
2276,0.01,0.46,0.59,27.26,71.26
2277,0.13,0.5,0.51,25.46,106.49
2278,0.17,0.38,0.55,26.17,183.54
2279,0.12,0.49,0.27,16.4,91.61
2280,0.34,0.38,0.49,19.08,163.86
2281,0.26,0.31,0.59,23.09,151.76
2282,0.22,0.36,0.24,23.92,61.67
2283,0.22,0.45,0.43,16.63,179.9
2284,0.32,0.43,0.25,28.38,89.26
2285,0.28,0.38,0.49,22.43,112.14
2286,0.04,0.4,0.53,18.88,83.71
2287,0.32,0.49,0.34,24.95,161.18
2288,0.17,0.45,0.51,23.59,147.42
2289,0.27,0.48,0.19,26.42,104.41
2290,0.33,0.36,0.28,20.37,104.01
2291,0.19,0.47,0.21,18.28,89.27
2292,0.22,0.39,0.22,22.33,97.7
2293,0.05,0.34,0.46,19.84,80.38
2294,0.32,0.42,0.21,19.06,98.66
2295,0.03,0.33,0.23,26.3,27.63
2296,0.15,0.5,0.38,25.74,138.01
2297,0.13,0.38,0.46,26.85,100.17
2298,0.09,0.36,0.35,16.28,84.11
2299,0.12,0.46,0.2,29.1,72.43
2300,0.02,0.39,0.25,16.33,49.19
2301,0.29,0.43,0.4,18.61,164.87
2302,0.05,0.48,0.05,16.09,21.38
2303,0.13,0.43,0.1,20.11,32.38
2304,0.12,0.39,0.16,21.81,61.99
2305,0.23,0.46,0.35,17.73,118.83
2306,0.01,0.36,0.54,29.92,59.77
2307,0.26,0.47,0.58,17.55,170.73
2308,0.16,0.5,0.48,25.12,155.26
2309,0.31,0.42,0.36,27.12,176.52
2310,0.15,0.4,0.23,29.27,81.55
2311,0.27,0.33,0.51,29.26,138.11
2312,0.16,0.49,0.45,17.8,130.8
2313,0.01,0.47,0.13,22.69,24.74
2314,0.35,0.32,0.3,28.19,95.95
2315,0.35,0.38,0.35,22.74,166.36
2316,0.16,0.4,0.26,20.34,62.3
2317,0.06,0.43,0.54,21.47,117.49
2318,0.34,0.31,0.43,28.05,175.08
2319,0.2,0.44,0.57,19.86,178.96
2320,0.16,0.33,0.26,29.41,96.35
2321,0.15,0.48,0.35,20.04,99.93
2322,0.19,0.44,0.47,27.34,186.46
2323,0.11,0.31,0.43,29.29,92.62
2324,0.09,0.36,0.39,23,65.04
2325,0.34,0.43,0.35,22.07,115.42
2326,0.2,0.49,0.13,19.22,79.92
2327,0.27,0.42,0.39,24.14,145.9
2328,0.29,0.44,0.22,21.54,84.65
2329,0.14,0.42,0.56,22.66,179.35
2330,0.28,0.36,0.46,28.29,136.8
2331,0.34,0.35,0.57,26.8,150.2
2332,0.25,0.46,0.26,19.35,115.78
2333,0.31,0.32,0.27,22.22,70.12
2334,0.28,0.31,0.28,25.59,72.47
2335,0.15,0.45,0.55,20.46,156.01
2336,0.03,0.49,0.34,29.6,69.24
2337,0.28,0.36,0.46,23.09,133.29
2338,0.07,0.31,0.44,19.49,95.84
2339,0.32,0.42,0.25,24.57,134.37
2340,0.09,0.32,0.21,24.79,38.72
2341,0.25,0.38,0.44,20.63,113.46
2342,0.26,0.41,0.55,22.06,123.03
2343,0.32,0.47,0.36,24.94,164.37
2344,0.27,0.43,0.58,17.22,220.93
2345,0.12,0.35,0.4,23.44,88.29
2346,0.33,0.46,0.23,27.56,142
2347,0.14,0.42,0.38,27.7,86.37
2348,0.01,0.43,0.11,23.29,14.16
2349,0.11,0.48,0.39,19.43,125.18
2350,0.23,0.4,0.51,25.67,119.34
2351,0.05,0.33,0.32,20.3,63.71
2352,0.08,0.42,0.06,17.6,20.23
2353,0.3,0.31,0.28,23.26,106.6
2354,0.15,0.4,0.36,26.37,128.48
2355,0.26,0.31,0.46,28.59,126.32
2356,0.34,0.32,0.44,25.62,148.12
2357,0.06,0.38,0.17,29.49,56.65
2358,0.35,0.37,0.54,16.82,213.18
2359,0.27,0.32,0.17,18.83,58.71
2360,0.22,0.33,0.46,26.27,128.58
2361,0.26,0.35,0.15,28.07,47.51
2362,0.34,0.45,0.53,28.97,229.17
2363,0.05,0.37,0.1,17.29,37.31
2364,0.17,0.36,0.23,18.97,80.88
2365,0.35,0.47,0.4,26.22,138.53
2366,0.23,0.43,0.45,17.14,171.53
2367,0.06,0.48,0.23,28.15,80.12
2368,0.21,0.4,0.24,27.79,63.73
2369,0.16,0.31,0.25,15.31,88.78
2370,0.33,0.33,0.55,20.01,183.42
2371,0.22,0.41,0.33,28.5,92.98
2372,0.3,0.35,0.27,20.25,109.34
2373,0.05,0.5,0.17,15.2,59.26
2374,0.21,0.43,0.53,24.7,120.15
2375,0.16,0.46,0.32,25.82,137.09
2376,0.12,0.44,0.38,28.66,101.48
2377,0.32,0.47,0.35,21.91,120.62
2378,0.17,0.32,0.28,28.66,87.66
2379,0.35,0.37,0.59,21.62,184.04
2380,0.25,0.43,0.43,17.96,132.41
2381,0.12,0.33,0.45,26.29,127.57
2382,0.11,0.37,0.5,25.76,130.34
2383,0.35,0.33,0.27,28.12,121.63
2384,0.21,0.43,0.28,22.35,118.81
2385,0.2,0.47,0.55,23.83,185.52
2386,0.22,0.42,0.15,27.37,75.78
2387,0.08,0.33,0.09,21.79,38.87
2388,0.15,0.33,0.2,22.55,72.94
2389,0.12,0.43,0.45,23.71,139.29
2390,0.06,0.36,0.22,20.64,45.96
2391,0.01,0.47,0.53,19.21,49.38
2392,0.31,0.35,0.45,23.7,188.02
2393,0.21,0.31,0.26,16.76,96.33
2394,0.12,0.43,0.07,21.96,25.24
2395,0.12,0.36,0.47,26.85,139.96
2396,0.02,0.46,0.26,16.64,37.08
2397,0.24,0.39,0.29,27.06,125.4
2398,0.02,0.38,0.59,23.72,67.61
2399,0.1,0.4,0.07,16.11,40.96
2400,0.21,0.44,0.25,26.21,117.72
2401,0.3,0.36,0.52,22.56,185.18
2402,0.31,0.44,0.37,17.82,167.28
2403,0.13,0.37,0.09,29.19,38.5
2404,0.05,0.49,0.28,24.27,56.42
2405,0.29,0.48,0.51,25.54,243.72
2406,0.29,0.4,0.17,24.21,93.83
2407,0.3,0.46,0.57,19.16,143.85
2408,0.32,0.46,0.35,16.15,141.45
2409,0.06,0.48,0.52,22.39,116.76
2410,0.24,0.34,0.25,21.84,64.45
2411,0.23,0.34,0.41,20.69,129.06
2412,0.11,0.41,0.6,17.17,105.61
2413,0.32,0.39,0.51,28.02,149.1
2414,0.21,0.46,0.56,16.53,180.5
2415,0.02,0.46,0.38,29.3,52.73
2416,0.09,0.49,0.58,19.22,131.19
2417,0.09,0.35,0.28,23.42,80.71
2418,0.34,0.4,0.45,24.25,182.17
2419,0.02,0.39,0.48,21.02,80.79
2420,0.16,0.47,0.51,24.8,193.31
2421,0.07,0.31,0.57,19.27,115.12
2422,0.26,0.5,0.44,24.42,147.73
2423,0.06,0.33,0.41,16.87,54.02
2424,0.19,0.35,0.12,23.05,49.41
2425,0.15,0.48,0.55,26.02,201.53
2426,0.01,0.4,0.36,24.52,30.98
2427,0.26,0.31,0.57,20.22,168.45
2428,0.13,0.31,0.19,28.09,70.54
2429,0.34,0.36,0.27,29.88,110.58
2430,0.28,0.41,0.23,28.18,82.7
2431,0.09,0.45,0.23,21.12,84.31
2432,0.09,0.32,0.45,26.28,87.22
2433,0.2,0.32,0.22,17.06,53.17
2434,0.14,0.5,0.24,15.18,83.05
2435,0.26,0.43,0.43,28.99,160.07
2436,0.33,0.49,0.22,17.48,81.25
2437,0.26,0.41,0.33,24.49,86.08
2438,0.03,0.48,0.51,29.78,82.11
2439,0.34,0.45,0.42,26.52,208.28
2440,0.21,0.35,0.14,22.61,56.71
2441,0.07,0.41,0.51,22.4,103.09
2442,0.23,0.35,0.41,15.59,154.37
2443,0.26,0.32,0.25,26.8,104.3
2444,0.06,0.36,0.23,29.36,44.46
2445,0.08,0.45,0.12,16.72,32.5
2446,0.33,0.33,0.27,20.46,106.23
2447,0.34,0.35,0.32,21.56,118.67
2448,0.07,0.5,0.43,16.38,82.36
2449,0.09,0.4,0.14,25.14,45.36
2450,0.31,0.32,0.51,20.15,164.28
2451,0.04,0.44,0.58,29.08,83.53
2452,0.02,0.41,0.28,21.41,40.28
2453,0.35,0.43,0.47,17.26,181.39
2454,0.24,0.37,0.41,28.56,132.42
2455,0.12,0.49,0.39,17.9,112.21
2456,0.34,0.42,0.26,23.57,146.78
2457,0.21,0.44,0.25,17.09,78.8
2458,0.16,0.45,0.12,28.4,55.74
2459,0.31,0.36,0.25,24.41,86.67
2460,0.14,0.38,0.45,23.96,95.74
2461,0.24,0.36,0.2,19.23,83.79
2462,0.35,0.5,0.55,29.23,207.93
2463,0.28,0.37,0.2,29.74,76.51
2464,0.04,0.33,0.41,19.62,59.81
2465,0.2,0.46,0.24,20.6,103.49
2466,0.28,0.43,0.15,21.75,81.48
2467,0.33,0.44,0.39,19.47,196.55
2468,0.21,0.5,0.2,21.95,99.44
2469,0.13,0.49,0.36,23.97,104.37
2470,0.24,0.45,0.53,26.82,154.01
2471,0.04,0.43,0.09,24.39,19.64
2472,0.08,0.39,0.22,18.63,49.32
2473,0.13,0.31,0.51,24.55,85.9
2474,0.23,0.47,0.21,19.77,74.32
2475,0.07,0.48,0.04,24.86,19.04
2476,0.14,0.45,0.48,26.13,173.77
2477,0.24,0.49,0.15,15.54,70.04
2478,0.06,0.44,0.57,29.17,92.35
2479,0.08,0.34,0.52,19.46,92.69
2480,0.27,0.42,0.45,18.93,150.81
2481,0.04,0.32,0.39,18.59,78.4
2482,0.2,0.38,0.48,26.81,96.76
2483,0.19,0.44,0.28,16.08,127.6
2484,0.25,0.46,0.18,17.43,84.06
2485,0.28,0.43,0.19,23.38,105.17
2486,0.02,0.5,0.13,28.27,35.51
2487,0.18,0.43,0.14,23.3,53.13
2488,0.08,0.41,0.3,27.49,83.82
2489,0.2,0.42,0.29,24.45,118.84
2490,0.22,0.36,0.42,23.68,121.1
2491,0.34,0.42,0.47,22.1,130.61
2492,0.23,0.33,0.42,19.7,135.82
2493,0.17,0.43,0.13,26.25,45.75
2494,0.25,0.34,0.48,29.64,113.84
2495,0.25,0.39,0.45,29.42,107.7
2496,0.14,0.49,0.34,20.71,94.58
2497,0.2,0.5,0.49,19.88,119.87
2498,0.05,0.47,0.56,27.99,109.36
2499,0.24,0.46,0.47,23.77,156.71
2500,0.16,0.48,0.49,29.69,141.92
